0.976679612	0.660651469	0.904101168	0.832395125	0.609736404	0.83819638	1.305695784	0.001750356	0.00771809	0.196441507	0.120106782	-0.035240034	0.067702143	-0.018505685	0.19427845	0.213613678	0.257627429	0.324153276	-0.315135158	0.269530354	-0.272374884	-0.473186252	-0.327595151	-0.715526533	-0.663352097	-0.696248093	-0.701278235	-1.076525074	-1.001984258	-1.575222661	-0.894580347
0.286441206	0.314903849	1.019775488	0.439423566	-0.005933085	-0.187122027	1.219574726	-0.004022751	-0.401550099	-0.537832869	-0.425879867	-0.483092761	-0.132431644	-0.190667837	-0.087255157	0.001006395	-0.175494869	-0.493149918	-1.012848108	-0.582586977	-0.615657963	-0.2880383	-0.005086194	-0.22592856	-0.262639521	-0.29526778	-0.12369753	-1.328537425	-1.534600967	-2.273631716	-2.176921038
0.077281042	1.424109861	0.684482136	0.830213519	-0.587902242	0.005181912	0.380390121	0.740698265	0.472151467	-0.776126871	-0.747795412	-0.432418214	-0.256968807	-0.498783657	-0.368134424	-0.63863438	-0.597680719	-1.333608129	-1.569097982	-0.873365475	-1.287172632	1.062208593	0.771050974	0.627677023	0.330375655	0.622906599	0.578706643	-1.850367637	-1.442137012	-1.728582461	-1.708353427
0.888762374	0.022088346	-0.442369138	0.719767201	1.723502989	1.572337129	0.68145961	2.642777793	-0.049585448	0.163190019	0.136295305	0.106800163	0.194307885	0.255056253	-0.037132979	0.02733039	-0.01766672	-0.09297839	-0.092102222	-0.117023761	-0.412924709	-0.117177256	-1.017560968	-1.259528577	-1.190649324	-1.419656231	-1.545944853	-1.815885351	-1.161588067	-2.233215233	-2.146637022
1.014464934	1.734292748	1.038962108	1.445137218	0.170991733	1.544915049	1.140265999	0.744695268	0.14806634	-0.025220759	-0.288313868	-0.377066588	-0.000851302	0.05798368	0.138205577	-1.300871395	-0.923673108	-1.824805834	-1.43985715	-2.195413673	-1.568972368	0.035209317	0.199291395	0.276153506	0.165011205	0.002409675	0.296930589	-1.635336652	-1.430004573	-2.300076605	-2.213963892
0.554679207	0.456576942	1.632843327	1.327876914	0.612150149	0.010062022	0.85745556	-0.117375344	0.017163057	-0.720789838	-0.985886979	-0.811039179	-0.522599752	-0.5797885	-0.502440678	-1.099246062	-0.559294136	-1.457893754	-0.799309726	-1.388815707	-1.407387008	0.105331182	0.084305651	0.000503801	-0.002185549	0.001052834	0.237393071	-2.526985377	-1.645248393	-2.940395131	-2.526006358
0.378817348	0.877746389	0.162287133	1.379217306	-0.088298478	0.526785245	0.175772401	0.917131231	0.251035767	0.004002094	-0.008792381	-0.132162806	-0.113527175	0.068133019	-0.041914665	0.064193745	0.002881887	0.001225904	0.207492164	0.000413225	0.043042074	0.010042977	0.223000714	0.171177995	0.006017091	-0.044107093	-0.256748374	-0.465875511	-0.390072677	-2.338629846	-2.394425687
0.30585866	0.299884332	1.324892832	1.357264462	0.494098126	1.126640214	0.73421805	1.246438856	0.054557131	-0.432501631	-0.392296759	-0.629668221	-0.618273486	0.214364825	0.593410885	-0.187809086	-0.3015457	-0.110600475	-0.099746889	-0.418409737	-0.469536447	-0.737201376	-0.883027151	-0.803222672	-0.67664471	-0.6843563	-0.874995588	0.160780816	0.868047161	-1.678801259	-2.151124037
1.259075753	0.768167904	1.255284939	0.055388827	0.799177036	0.722059301	0.104480045	-0.085228948	-0.400837496	-0.183593639	-0.208046091	-0.392481665	-0.228923285	-0.183755777	-0.337618206	-0.623984249	-0.000980391	-0.890380865	-0.315092933	-1.403759565	-1.119799095	-0.091911919	-0.0889892	-1.094895364	-0.030107983	-0.105681701	-0.104626894	-2.050435492	-1.068833525	-2.002088696	-2.34639994
1.50715705	0.396135723	1.622238081	1.066140813	0.710044915	0.231393151	0.6928744	-0.658417239	-0.410426525	-0.074868491	-0.528858815	-0.600281692	-0.124121829	-0.363064414	-0.272335263	-0.55510813	0	-0.764722244	0	-0.877829882	-1.133114881	0.754042689	0.31355015	-0.143306535	0.384311823	0.410024397	0.087250602	-1.205588182	-1.080973502	-1.892443192	-2.22346505
-0.003196285	0.151604324	-0.005010333	1.009809392	-0.485098764	-0.007027229	-0.496414474	1.206745172	0.095554503	-1.322859213	-1.104041385	-0.932395848	-0.859270853	-0.515071607	-0.558086717	0.260168575	-0.787808529	0.759975836	0.793600115	0.257763859	0.543277587	0.453889201	0.667361679	1.089174704	0.569279555	-0.074527597	-0.075284995	-1.045057022	-1.019904187	-1.3607994	-1.285445435
2.355153957	0.729941348	1.931178937	1.968352032	0	1.059672993	2.228840173	-0.068598963	-0.551752215	-1.775964011	-1.775715248	-2.044568957	-1.457162067	-1.353368538	-1.486791639	-1.472703016	-1.096545931	-2.0930322	-1.88242608	-2.246754361	-2.154983463	-0.453823199	0.008498466	-0.53755416	0.002897553	-0.127928083	0.03868041	-1.695132307	-1.49041852	-1.666301989	-1.553961087
0.171745726	0.612387414	-0.179786322	1.217031145	-0.017873211	0.009673687	-0.490676437	1.092206694	-0.332584558	-1.134449083	-1.162777491	-1.023508006	-1.074020556	-0.706087653	-0.660668006	-0.47329417	-0.782053537	-1.023979299	-0.257735057	0.001124259	-0.008463361	-1.673255435	-1.982910281	-1.69929593	-1.789243679	-1.535020339	-1.467666259	-1.112684271	-0.70029876	-1.410582172	-1.232622306
-0.003631938	-0.010833058	0.549562307	0.748932402	0.35287314	0.054371189	1.37284002	0.201907696	0.154647171	-0.303759875	-0.239071512	-0.122833048	0.137355681	0.014131165	-0.262924826	-0.77010172	-0.421024576	-1.106147382	-0.735694716	-1.100656159	-0.826597126	-1.03374719	-0.553762501	-0.872054967	-0.662285636	-0.504159482	-0.37375807	-0.032057094	-0.344327073	-0.639520923	-0.35553045
0.715485564	0.019046339	0.42651139	0.71905994	0.276409297	0.017575106	1.294416897	0.023313463	0.000708824	-0.934941727	-0.753646769	-0.778923118	-0.454630211	-0.341105588	-0.603925815	-0.750261983	-0.482470937	-0.875141874	-0.609818115	-1.393207389	-1.123289662	-0.20747524	0.002619656	-0.0107242	-0.281294956	-0.007669618	0.003500786	-1.781962727	-1.141625102	-1.826173517	-2.027299774
1.150852186	0.891170374	1.457690111	0.960394511	0.645996521	0.374990047	1.065738698	-0.247374048	0.02138534	-0.467549334	-0.321737206	-0.374066406	-0.249016117	-0.283514155	-0.185450336	-0.73390788	-0.088514607	-1.525462473	-1.534435386	-1.319044561	-1.504195926	0.775202896	0.757409854	1.12709126	0.006091505	0.442207125	0.379042402	-0.561988295	-0.623593412	-1.03495075	-0.72295076
1.843296594	0.092128267	0.757109279	0.929587721	0.237952225	1.304665241	2.97020934	0.007617762	0.01860082	-1.127916332	-1.416208326	-1.018201394	-0.436391212	-0.152252455	-0.433886735	-1.754044731	-1.171768089	-2.015913746	-1.340409508	-2.176783567	-1.934745101	0.083267405	0.110828115	0.035759095	0.090832278	0.09209774	0.101589513	-0.608302958	-0.098918927	-0.267632059	-0.046212616
0.411450695	-0.019149149	1.401921106	0.90881343	0.203369552	-0.192394043	1.080105582	-0.010367012	-0.307921555	-0.978471856	-1.032610121	-0.957002599	-0.932819526	-0.711400441	-0.730961902	-2.532195623	-1.359930002	-3.563396543	-3.64504968	-3.486659808	-3.683276276	0.265028478	0.246627153	0	0.4787199	0.323094647	0.171858215	-0.699811832	-0.263785676	-0.236554403	-0.007832733
0.963535345	0.867973013	1.655092189	1.516340937	0.603926886	0.900900052	2.353470433	0.472138675	0.207391694	-0.647196112	-0.427966991	-0.103274277	-0.065440344	0.049946958	0.002625147	-1.200478713	-0.712852873	-2.264488981	-1.890898059	-2.177427649	-2.187186187	0.019025169	0.278714774	0.010825844	0.474299636	0.474292103	0.436267271	-0.471374117	-0.152103773	-0.127255498	0.255718121
1.8147889	1.693585737	2.398590294	2.188361802	1.279753445	0.700655158	1.578554748	-0.728857176	-0.040814993	-0.644509743	-0.589910881	-0.598281621	-0.318245956	-0.363403358	-0.335831362	-1.562490311	-0.891366047	-2.798776843	-2.606922547	-2.193469237	-2.509246876	0.267890023	0.126058583	1.061624916	0.162104173	0.359217761	0.216210658	-0.647106399	-0.371667598	-0.841026735	0.336467618
0.923368358	0.342311493	1.084522669	1.027055254	0.426585038	1.149909993	1.908827661	0.363120266	0.014137508	-0.544206132	-0.332186866	-0.190482739	0.007264384	-0.26015083	-0.401816759	-0.705172429	-0.428195872	-0.677518792	-0.577132368	-0.94358745	-0.873956049	0.571019273	0.829785909	0.023369062	0.190597246	0.201676484	0.452208814	-0.537150962	-0.514759944	-0.421968553	-0.055097837
1.315655168	0.385400945	0.759969655	1.097680395	0.099920991	0.122315362	1.527821526	-0.005798444	-0.249888467	-0.994910043	-1.03859542	-1.007980943	-0.605800375	-0.735847828	-0.88442624	-2.027562338	-1.506536193	-2.762093815	-2.61381694	-2.678749898	-2.721897498	-0.93253197	-1.134107718	-1.229012286	-0.444733144	-0.699736845	-0.348819214	-1.327700745	-0.179937637	-0.219641644	-0.993413118
1.391595953	0.372933987	0.607363458	0.524999298	1.042302077	0.434548802	0.900537541	-0.045273913	0.554081327	-0.233881476	-0.066422885	-0.225306012	-0.054889628	-0.168954736	-0.28626781	-0.69140911	0.3894391	-1.256901473	-1.860841782	-0.968435769	-1.617360424	0.245482505	0.518049345	0.727245657	0.132046939	0.511580829	0.355622489	-0.676788317	0.000871736	-0.040290042	0.276333151
-0.03353334	0.528016926	0.634388795	1.03579083	0.147886995	0.271588549	1.452601127	0.563975182	-0.09851265	-0.265725817	-0.243623242	-0.21990024	-0.284862642	0.130354124	-0.165228057	-0.605814077	-0.609308017	-1.041903956	-0.702553118	-1.214855192	-0.881995868	0.627563194	0.281063485	0.090610222	0.144537883	0.20895916	0.424194438	-0.410474266	0.321862987	-0.226248262	0.303153464
1.926382346	1.073946057	3.243349962	2.369334769	1.187595199	0.785212268	2.167613877	-0.306139807	-0.453813755	-1.343772892	-1.14644156	-1.066867378	-0.726737119	-0.842368281	-1.010381674	-1.756966247	-1.550781838	-2.536994707	-2.718552543	-2.059576967	-2.686087025	0.379697566	0.189634974	1.113033219	0.60658545	-0.009239726	0.003766774	-0.868630545	-0.464783827	-0.722920161	-0.029642648
1.030427228	0.799223465	1.213848758	1.604761299	0.582422903	0.467092176	0.842500522	-0.446958982	0.013483297	-0.25307811	-0.230306669	-0.238569571	-0.047125195	-0.245780495	-0.075059544	-0.772624422	-0.400468135	-1.041718373	-1.643499022	-1.040145776	-1.42524755	1.112070274	0.845145545	0.963186767	0.453050357	0.563069797	0.554120599	-0.595268712	-0.533023054	-0.122041038	-0.503432659
2.757836654	1.984059385	3.670678129	3.32965406	1.982550451	1.718172562	2.858244318	-0.213615792	-0.02975314	-1.464978863	-1.314299805	-0.945238751	-0.692815722	-1.042973035	-1.23048622	-2.21140791	-1.642890192	-3.543714177	-2.990019106	-3.124199352	-3.232570828	0.210543971	-0.167409239	0.15617465	-0.02551979	0.006457841	0.100316608	-1.87146375	-1.679153398	-1.500702544	-1.06951341
0.685556711	0.018676441	0.976563421	0.851882522	0.876309588	0.519280962	1.847956671	0.347435487	0.048787625	-0.605795991	-0.561898868	-0.37132821	-0.214800701	-0.156998462	-0.159815211	-0.626794016	0.198046906	-1.911782755	-1.709611634	-1.954526483	-1.55840036	0.23577171	0.440060661	-0.00815676	0.477161353	0.33811764	0.200454333	-1.406827219	-0.908077329	-1.077986363	-0.824003252
1.602152467	1.136549617	1.968349104	1.714730237	1.275800437	0.930197986	1.391434131	-0.425363195	0.034178275	-0.67527162	-0.639584352	-0.720708574	-0.37743387	-0.397123128	-0.507153592	-1.63190153	-1.071405547	-2.266751216	-1.824572496	-2.306273316	-2.406223276	0.11865353	0.115554353	0.088059623	0.085658926	0.117846073	0.263333519	-0.854618461	-0.08080414	-0.216096948	-0.075746683
1.186067488	1.260775295	1.092040639	1.336817675	0.570060402	0.948822733	1.729299208	0.322692867	-0.007398568	-1.427184366	-1.276463779	-1.070696634	-0.678611113	-0.669279033	-0.621738767	-2.459341696	-2.122755055	-3.254068485	-3.216773339	-2.954110875	-3.247837584	0.001937031	-0.163869461	-0.310509667	0.014177282	-0.29618136	-0.266585848	-2.551435189	-1.989178014	-2.596951275	-1.932824792
1.900815891	0.937733579	2.182235607	2.341037542	1.35705257	1.232684281	1.894178665	-0.096349892	0.39213849	-1.188717469	-1.225970811	-1.166471487	-0.688214289	-0.739526139	-0.807303556	-2.815331443	-2.03976358	-3.546638682	-3.010210534	-3.425642739	-3.21591296	0.432511382	0.737986114	0.100216507	0.357595779	0.091628468	0.47189118	-1.538992849	-1.678168176	-1.613194749	-1.894449738
0.577546378	0.31601021	0.497430826	0.119272401	0.664255764	0.56783	1.348667315	0.037811122	-0.003695579	-1.928010279	-1.570507442	-1.604701004	-1.141553823	-0.933105664	-1.23400691	-2.736037997	-1.645808989	-3.844883712	-3.674710622	-3.876757705	-4.087957415	-0.078856356	-0.002550962	-0.007350123	-0.086470516	-0.009213937	0.00232102	-1.911825733	-1.437127819	-2.157604772	-2.070796395
1.012338981	-0.009321519	1.381513172	1.126413135	0.316180337	0.006306738	0.036991306	-0.451398801	-0.086745335	-0.986608434	-0.958809113	-1.044831675	-0.810174922	-0.546416325	-0.907684065	-1.402751069	-1.083724063	-2.658876852	-2.351425638	-1.838237445	-1.676442785	-0.052920564	-0.02803519	-0.041128704	-0.097897882	-0.018458507	0.075321076	-0.095080052	-0.014356592	-0.047163493	0.008311116
0.853661468	1.271080303	1.360299781	1.088217679	0.128473656	0.061918061	0.231128522	-0.082947848	0.099148192	-0.554422146	-0.416991485	-0.136526941	-0.062096127	-0.30499831	-0.230889604	-0.667197556	-0.859496185	-2.300549155	-1.882634967	-1.840423254	-1.833071389	-0.002675434	0.000480463	-0.003796409	-0.074525395	0.006827161	0.002600136	-1.328989708	-1.294650987	-1.5284948	-1.245917247
1.259208567	0.400314423	2.064217386	1.740360764	1.314851406	0.608623536	0.352511088	-0.704356994	-0.008050934	-1.225813403	-1.179364042	-1.284638317	-0.845181641	-0.795079894	-0.627364703	-1.422265792	-0.932925923	-2.192749017	-1.755857796	-2.359481435	-2.143739602	0.272013371	0.286626395	0.026157168	0.434698932	0.320407438	0.282036076	-0.699601974	-0.670226616	-1.024738688	-0.392166544
0.718966147	0.017484343	0.887315127	0.961458053	0.128787146	0.039596797	1.243423385	-0.001366316	-0.389799555	-1.177075644	-1.332574596	-1.375515684	-0.966736867	-0.739045181	-1.019992569	-1.100017118	-0.826139273	-1.557980468	-1.41084658	-1.786640724	-1.648262158	0.049086161	-0.031995095	-0.092907591	-0.005425522	0.02660879	0.005650361	-0.132428878	-0.073824047	-0.125056084	-0.064087863
0.76711266	0.003346791	1.338704708	0.810429185	0.136186261	0.042843157	0.119961866	-0.380101006	-0.013604509	-0.168414957	-0.372738626	-0.026182309	-0.116015492	-0.071242909	-0.220999569	-1.400068293	-0.82960042	-1.595522169	-1.632063702	-1.704739256	-1.542885778	-0.133689284	-0.094248823	-0.741223388	-0.215891651	-0.114255773	-0.095493045	-0.102876401	-0.114578256	-0.120335304	-0.070372278
0.742527898	0.341225127	1.514463886	0.707220918	0.488328387	0.165617882	0.978885468	-0.275223758	0.004529789	-1.093408648	-0.96640131	-1.072447473	-0.795068724	-0.553692471	-0.488217094	-1.71083529	-1.017215175	-2.425204506	-2.370281564	-2.675400432	-2.631260333	-0.016806322	-0.008699291	-0.392993521	-0.400590962	-0.018207042	-0.109066383	-2.022155622	-0.898538286	-1.899046411	-1.293137043
0.935386713	0.586031937	1.559629243	1.412845333	0.889503233	0.7220593	0.67559032	0.002254734	-0.255302009	-1.09055419	-1.053289564	-1.161532648	-0.742705545	-0.5129178	-0.225388246	-1.192192849	-0.902957482	-1.521057811	-1.527787138	-1.696254505	-1.641529709	-0.014125489	0.000151849	-0.017727877	0.001635423	-0.001067691	0.061500644	-1.002987153	-0.717588343	-1.015592353	-0.660390168
1.064113946	0.058626955	1.133796541	1.379515722	0.722609679	1.407873409	1.117857652	0.542196328	0.569833886	0.096960053	0.037017736	0.176032955	0.047767783	-0.090070203	0.115503516	0.394870152	-0.058114008	0.031345026	-0.516348402	0.224566465	0.022723202	-0.548500458	-0.509867971	-0.642885028	-0.559646955	-0.405755824	-0.305514197	-0.160983327	-0.180309836	-0.112473381	-0.224627376
1.668257286	-0.172758469	1.76851825	1.46945129	-0.526994282	0	1.967233988	0.777146312	-0.23801668	-0.346820939	-0.385720757	0.047467839	-0.092545157	-0.18654458	-0.577433074	-0.108314417	-0.149876398	-0.109018152	0	0	0	0.003590018	0.211040798	0.282762002	0.376251277	0.259985967	0.369180336	0.638563227	0.563736479	0.729678204	0.624822291
0.692654856	0.359583021	1.201390772	1.219700332	0.853232453	1.001614329	1.110688498	0.015416893	-0.033658367	0.093538806	0.053848759	0.009088749	0.15981734	0.360579863	0.557873646	-0.479118854	-0.20937741	-0.004149034	-0.18067732	-0.58682397	0.035795772	0.150823759	0.302609684	-0.005259228	0.13336688	0.16470124	0.509652286	-0.215699905	0.439589145	0.630316884	0.437944156
0.019291563	0.77347997	1.475044311	1.360291519	0.108172997	0.614358152	1.602558406	0.513227024	-0.0000925	0.085663037	0.064996404	0.074805559	0.09870543	0.318286278	0.315864074	-0.113897866	0.067546437	-0.572093487	-0.071710284	-0.340028041	-0.126672618	-0.002953181	-0.071212997	-0.032738647	-0.028909408	-0.005278228	-0.019530523	3.583884248	3.08646398	0.33222052	0.104232725
0.471835068	0.550281912	1.263630993	1.382794238	1.23941509	1.127257409	1.496398228	0.733565024	-0.453177532	-0.035955667	0.102820484	0.037074632	0.012619838	0.100714207	0.189363632	-0.179867678	0	0	0	0	0	0.190240395	0.395773276	0.415261871	0.293953065	0.444368467	0.340407255	0.663078601	0.41131037	0.762660124	0.904014775
0.06000305	0.540376168	1.505765318	0.780008442	0	0.77224855	1.89834799	1.552873591	0.231361071	-0.021202977	0.010180235	0.067516053	-0.097301034	-0.023344453	-0.008680515	-0.575384393	-0.680318054	-0.343831824	-0.327636617	-0.20919611	-0.232623213	0.31476533	0.371181287	0.166761405	0.276735512	0.248369719	0.373671452	-0.394034422	-0.172845719	0.001860921	0.019055462
1.328440103	1.33796111	1.36547278	1.141271822	0.756608963	1.620070063	1.207599162	0.415319411	-0.58589415	-0.266962143	-0.27093361	-0.260122259	-0.17955275	-0.085194476	-0.270461641	-0.706366204	-0.450332	-0.904745776	-1.134783109	-1.418527308	-1.242776117	0.00052729	0.40414771	0.113386344	0.691474347	-0.00331433	0.332739037	0.141717901	0.006744532	0.606586367	0.643883349
1.093460969	-0.415124696	0.353324353	-0.7202331	1.316036371	0	1.033778332	0.687242224	-0.389126296	-0.077967541	-0.231748144	-0.119322125	0.003834636	0.086034378	-0.217863672	-0.612460116	-0.80652215	-0.715826081	-1.706866111	-1.401550775	0.715090192	0.01141603	0.07722782	-0.01264721	0.290407632	0.153043795	0.239363069	0.318796937	0.557059531	0.850590719	0.44265885
0.691474254	0.692095239	0.950745437	1.106360461	0.547537386	1.109250653	1.404658584	0.518009328	-0.038787592	-0.186588754	-0.326121186	-0.10141076	-0.080444611	-0.171586203	-0.660508328	-1.194102496	-0.655191851	-1.693980653	-1.019108041	-2.03685689	-1.009187885	0.056099824	0.039720278	-0.0260892	-0.040279677	0.057989925	0.333251522	0.087761692	0.276906085	0.561582873	0.765057568
1.009262619	0.730771198	1.328716231	1.519864666	1.010450015	1.365081747	1.620335852	0.853161876	0.551816854	1.587461689	1.417844877	1.358027692	1.151009702	0.780704734	0.337694869	1.591826946	1.65461319	1.955703231	1.94869139	1.744971155	2.042240354	-0.006005784	-0.681271016	-0.495033731	-0.52219555	-0.422859338	-0.600742624	1.339478345	1.165100587	-0.683310668	-1.281047856
1.001376164	-0.648528433	-0.893726904	-0.875275585	0.821793833	-0.511699723	-0.493090331	-0.123418211	-0.068939535	-0.221647458	-0.014216458	-0.089413805	-0.081623571	0.036692383	-0.069043444	0.941865815	0.064486452	1.066409287	0.628133702	0.936601322	0.908447722	0.900212079	0.698827125	0.911189694	1.419000246	1.010560347	1.119874617	1.641650528	1.866376408	0.377235493	-0.121532602
0.960598062	1.10147615	1.612338725	1.665491646	1.331059978	1.547914656	2.021155547	1.069370425	0.051423633	1.359292002	1.194421872	1.357385556	1.061591394	0.596693835	0.475885158	1.407470188	1.414908221	1.747382673	1.817822217	1.333830517	1.550061432	1.364033612	0.750222787	0.765719805	0.404131643	0.547930002	0.390315832	1.1564704	1.219873579	-1.216186848	-1.642601977
0.906169126	0.778906287	1.307238094	1.534678242	1.370089275	1.570328567	1.725846013	1.058707442	0.4347902	0.968292735	0.84919317	0.486580287	0.7180659	0.581425815	1.016255017	-0.023594056	0.296246132	-0.0010864	0.500016646	-0.414181111	-0.320105199	0.416267533	0.522274659	0.021527125	0.299548908	0.355284923	0.431680001	0.457001648	0.410252288	0.676638065	0.70402523
-0.012233077	1.314073521	1.146127343	0.902182243	0.263568952	1.101733336	0.430951275	0.922630212	0.072992348	1.232758681	1.396400194	1.076087431	1.0154732	0.961027791	0.876747369	2.278081212	1.759683384	1.771682919	1.642021032	1.581528612	1.812343651	0.941149692	0.659484843	0.892111585	0.644571814	0.398604588	0.405893621	0.520095326	0.142340684	-0.18510985	0.224574738
0.325779354	0.854330405	0.013579375	0.736871216	0.930697869	1.867489739	0.986326319	0.968164351	0.410001016	0.126318697	0.533300846	0.482425007	0.10174831	0.046295045	-0.21802528	0.03371159	0.514238631	0.857681839	0	0	1.287252606	0.166583586	-0.14336712	-0.054774809	-0.061063669	0.008481021	0.185205506	0.566318343	0.276131899	0.618060906	0.702060375
0.950763701	1.037856106	1.379978553	1.358778784	0.025739886	1.152337751	1.16670452	0.448372289	0.256051904	0.635111786	0.762456009	0.56443009	0.778140461	0.722291499	0.681781216	0.109083094	0.596349495	-0.102973072	0.000425932	-0.172223188	-0.144366355	0.409660855	0.703707992	0.624707495	0.484678781	0.005107927	0.303536203	-0.011504037	0.017611377	0.015137214	0.006309592
0.860152016	0.494694623	0.848815396	0.992354876	1.316628489	0.767901293	0.89922421	0.306559849	0.429373009	1.410631435	1.348261127	0.668334191	0.951236809	0.605093615	0.628314746	1.32478862	1.570048211	-0.007339653	0.370909043	-0.017476803	0.118004132	0.799357328	0.362058149	0.228374595	0.272848053	0.311977502	0.31011171	-0.326410001	0.259777286	-0.28573457	-0.038050233
0.000210289	0.844013115	0.706689271	0.906330306	0.479365882	1.396910047	1.450510481	0.793959622	0.233058026	0.230975278	0.503707068	0.136291967	0.268052238	0.11203708	0.100326692	-0.083140594	-0.181941877	-0.00286938	-0.007339069	2.236272645	0	0.309528682	0.303476428	0.167781819	0.326341754	0.382270203	0.390315832	0.494368501	0.002781205	0.807295226	0.011903479
0.800623352	0.75789187	1.637217862	2.066140813	1.29875838	1.409142828	1.843866495	0.746025145	0.009005606	1.58201296	1.390849348	1.344727607	1.196263728	0.735420322	0.872907572	0.985521968	0.824856843	1.286566985	1.334645499	1.263005263	1.393539321	0.813571187	0.369250891	0.094550546	0.151394656	0.229515342	0.007887948	1.153012771	1.294025126	-0.872844451	-1.283514067
0.432803256	0.562918737	1.115100447	1.110680989	1.166071773	1.202691951	1.129852069	0.514892233	0.136628264	-0.049164177	-0.050481642	-0.016469078	0.109355559	0.361398993	0.530230542	-0.209620499	-0.234094195	0.160442523	0.413255334	0.018628253	0.022967818	0.79693799	0.375858666	0.471437745	0.44748981	0.243767818	0.417250044	0.303283937	0.327478779	0.394055798	0.677771171
0.007052027	0.557316031	-0.122258101	0.116063516	0.48727686	0.626632751	0.220626637	0.380920908	-1.280173137	0.113717031	0.581437038	0.605224824	0.10363403	0.189048297	0.100127079	0.565023157	0.344888294	0.108458779	0.865805754	0.860556427	0.635465889	-1.92512094	-1.898328827	-1.396186588	-1.666172473	-1.361410224	-0.737583937	2.613309574	1.335304343	0.153234383	0.765998354
0.993063098	1.066734206	1.172251519	1.366627741	0.573532594	1.095123398	1.100819985	0.531953509	0.23813695	0.47184279	0.710463629	0.444616999	0.393175645	0.305893366	0.501359308	0.693489535	-0.005086294	0.405555021	0.897404121	1.079858373	0.702966633	-0.588626296	0.237283436	0.013506143	-0.187292029	0.186631073	0.380233236	0.249256003	0.022743587	0.290848209	0.013513371
0.950270219	0.612387414	1.193724258	1.299456199	0.471942959	1.217258867	1.161236308	0.408616982	-0.007670712	0.595650244	1.387816047	1.316343632	1.190528127	0.753450761	0.846058214	0.906156066	1.447480207	1.566098786	1.273564251	1.97596715	1.037420656	0.421702497	0.756144147	1.069836066	0.691026236	0.570156436	0.474959855	0.005317037	0.061077522	0.645923113	0.736064862
0.422166479	0.635613966	1.177208022	1.291232087	0.637016572	0.978541575	1.136926855	1.022583997	-0.152106653	0.437129695	0.653370399	0.35864485	0.167521616	0.217087568	0.315008244	-0.105863414	0	-0.492828145	0	0.002382674	0.159998221	0.324876646	0.302320654	0.39041709	0.200705945	0.273594753	0.278847094	0.001801414	0.006686882	-0.011388285	-0.010733783
1.128779625	0.993943867	1.319138667	1.448554578	1.127784092	1.558021142	1.342238183	0.4667715	0.201625519	-0.009261601	0.208557009	0.219704714	0.127078521	0.132841002	0.403548423	0.512398109	0.381898865	0.049321756	1.197141976	0	0.176167158	0.287763473	0.087999275	0.353823966	0.11778078	0.234519741	0.396802516	0.379232791	0.225298384	0.655377806	0.621187643
0.561157418	0.432805443	-0.474283173	1.389921605	0.176873624	0.817694579	-0.007405203	1.649366673	-0.197133972	-0.863109742	-0.597490501	-0.419367401	-0.234000149	-0.223065511	-0.143602676	0.21593873	-0.549034705	1.264088667	1.207492164	0.938786396	1.172508279	0.922707321	0.94702065	1.182497284	1.082511083	0.768516283	0.765276932	-0.62668898	-0.614599371	-0.806159321	-1.183926765
0.10059421	0.745216842	0.710113196	0.600671444	0.003443136	1.320981944	0.247022371	0.459764187	-0.007905401	0.536136889	0.306135914	0.038168913	0.141131219	0.17385557	0.228948174	0.919532142	0.75068551	0.927722394	0.696515921	0.534083044	0.471244033	1.164025767	0.673855777	0.663083858	0.67955211	0.487228461	0.528034258	-0.614253195	-0.606388883	-1.061068773	-0.77751876
0.567606668	1.267367536	0.398893413	0.653449662	0.706434791	1.304704656	0.515667042	1.31912331	0.533112878	0.9806761	1.12642715	1.136179225	0.913918069	0.706716484	1.063986328	1.457453075	0.956746022	1.44994914	0.895271533	1.770498031	1.626935516	2.018606964	2.435653072	2.282133924	1.791532642	1.72536541	1.790576132	-0.217229972	0.000469982	-0.655527022	-0.905480283
-0.013205634	1.408635686	0.496730799	0.774118958	-0.670130741	0.519280962	0.486229155	0.601192079	0.000803301	-0.011908426	0.001177208	0.078908415	0.012305517	-0.010940715	0.102872168	0.659158133	-0.151147349	0.176971125	0.27137337	0.232603784	0.039832517	1.173212771	1.187758501	1.108611839	0.98114388	1.088372744	0.856234134	-0.731231376	-0.792191513	-0.921545041	-0.867558476
-0.001792549	1.260487991	0.31336146	0.369635237	-0.443810305	0.371868455	0.283049137	0.20963989	0.284151874	0.032462198	0.116609613	0.114022704	0.019385559	-0.082640986	0.161147713	0.639084533	-0.129640779	-0.248711275	0.160912007	0.020242801	-0.011054394	0.502482325	0.393604217	0.382527902	0.182650244	0.47851669	0.264408793	-0.408164535	-0.446334125	-0.712852269	-0.745622051
0.368512339	1.271365505	0.208670997	0.409926669	0.386538502	1.552976748	1.008015236	0.917131231	0.0093245	-0.205330573	-0.410169283	-0.533733128	-0.489068064	-0.292816029	-0.256194921	0.65573672	0.369243564	0.26684875	0.194831815	0.152967669	0.005122177	0.350299243	0.330940815	0.020849635	0.313589847	0.381303574	0.258268968	-0.496922435	-0.774645837	-0.821605827	-0.976557372
0.480746969	0.882234944	1.348938306	0.843253937	0.805940342	1.336810836	1.013285731	0.844497015	0.079295089	0.667594674	0.963182853	0.921400663	1.025376338	0.547451557	0.484393111	-0.676331793	-0.113589751	-0.08519888	-0.251709558	-0.076642352	-0.234917161	1.598432005	1.63948812	1.803413383	1.406453614	1.400355141	1.074065179	-0.277077448	0.001218092	-0.041771719	0.199723874
0.469770634	0.442968887	0.373823701	1.877251585	-0.011554492	0.37238919	0.456178059	0.834946833	0.521587852	-0.395624499	-0.181233148	-0.059788416	0.064353408	0.033903997	0.206088652	0.217486687	0.219357412	0.295244876	-0.393438519	0.434237646	0.045930096	0.160437184	-0.000882604	0.388375883	0.324320566	0.344083307	0.35380511	-0.502665024	-0.636540302	-0.542093707	-0.466778747
0.016512395	1.06377348	0.714990466	0.706745331	0.501408214	1.464896478	0.890878561	1.246438856	0.418974269	0.933524211	0.862045541	0.643131423	0.574917969	0.675942931	0.893006717	0.760856512	0.816490676	0.6926004	0.765855125	0.492294747	0.634402346	-0.216445836	-0.377597965	-0.18001459	-0.418682021	-0.553920796	-0.521537574	-1.602249689	-1.270730145	-2.562496768	-2.520416045
-0.213192857	0.843245928	0.845260863	0.81484921	0.251852193	0.284926349	1.455582519	1.427526903	0.221137205	0.753126086	0.614080234	0.252812611	0.64126313	0.57318897	0.820405929	1.124841345	-0.014870912	0.708929891	0.925541435	0.812213051	0.671167587	0.990875719	1.441111231	0.938487556	1.02908794	1.473838735	1.380977008	-0.608672656	-0.480845137	-2.424195954	-3.180314806
0.244391027	0.579136775	0.267620015	1.349973505	0.005813568	0.343997045	0.55289267	1.349186685	0.470234265	-0.263185551	0.083832689	0.11700762	0.15515642	0.191282761	0.397484607	0.453845926	0.474023562	0.730685548	0.55238382	0.644632534	0.825450639	-0.11530643	0.321558787	0.453698332	0.430141497	0.451754294	0.384986766	-1.090594	-0.737840741	-1.496135255	-1.627326286
0.62932892	1.437642008	1.056744748	1.505444397	0.541471384	1.654945105	1.247710516	1.114000607	0.257164236	0.419337629	0.510802352	0.512625455	0.430897246	0.305809232	0.45487337	0.437999231	-0.026961464	0.717025843	0.879535487	0.805942401	0.831031671	1.081674038	1.37805455	1.194396212	1.276436848	1.114396158	0.035585674	-0.70456284	-0.586790097	-1.232035984	-1.523586031
0.597537853	0.803568341	1.055207102	1.160848309	0.660529072	0.903064095	1.346420377	0.962073808	0.251593978	0.130698209	0.382958118	0.386354873	0.448295274	0.40729509	0.597338128	0.367244701	-0.005486907	0.58170046	-0.250131457	0.776924301	0.659713435	1.134715705	1.155639271	1.511777434	1.167429266	1.213311185	1.399888181	-0.593453043	-0.355739843	-1.407198766	-1.74278666
0.476640623	1.173743302	0.830055629	0.665736357	0.298158881	1.361938619	0.901412432	0.568492234	0.439207369	0.432821875	0.329673658	0.274279913	0.336925221	0.093714433	0.379667954	-0.001262189	0.013676637	-0.621566042	-0.512975374	-0.119834713	-0.020550603	2.202672822	2.146731984	2.847542198	1.884707361	1.947231741	1.744273961	-1.152382626	-1.124614984	-2.632013344	-2.961160591
1.064113946	1.431785149	1.273582941	1.767065313	0.838052527	1.237408566	1.1242421	0.149942695	0.411500439	0.576051236	0.593633431	0.501814836	0.235502223	0.217788853	0.441256892	0.795988384	0.543821742	0.867170886	0.680093489	0.792412808	0.813283823	1.134018835	0.669604327	1.072925933	0.475080667	0.495887942	0.676460431	-1.572051924	-0.776102403	-1.425497185	-1.115361729
0	0.718691395	-0.290082238	-0.331985136	0.463947215	1.326367151	0.583741849	0.660693091	0.383250963	1.062441314	1.109287301	1.242496401	0.712028	0.950146961	1.433369599	2.323531369	1.355834928	2.919151038	3.096162885	2.464411633	3.108269697	-1.062817516	-0.642896203	-0.492088423	-0.604881402	-0.880782185	-0.559374841	4.719539415	4.099904228	2.303750333	2.624951931
0	0.002053046	0.158711678	-0.44435383	-0.080952491	1.031265496	2.353150722	0.340409361	0.022245716	0.62348694	0.522975333	0.346232494	0.712390269	0.605548641	0.872639971	1.028042815	0.802908963	1.172856693	1.132828011	1.211748422	1.250934926	-0.496329149	-0.291792463	-0.27728989	-0.163492469	-0.110843662	-0.003716391	-0.361673163	-0.312466722	-0.365540526	-0.190334694
0.399209137	-0.039784513	0.448348467	-0.178760093	1.289739628	0.968243922	1.283049137	0.431940505	0.709248722	2.175036881	1.831053361	1.456082472	1.604302068	1.186742113	0.943119661	1.794433476	2.291055672	1.986839308	1.950061797	1.611629097	1.481926315	0.30520183	0.720462199	0.518325734	0.501642788	0.684806857	0.430818262	0.001164583	0.28308466	-0.009915096	0.020844472
0.085238718	-0.0231616	0.045190271	-0.006354095	1.296158749	0.701069785	0.79636861	1.696901624	1.488582438	0.484574056	0.187059362	0.055561039	0.028153227	-0.000105233	-0.162053337	0.964243232	0.910546612	1.213482327	1.363214652	1.102694462	1.331236554	0.744030254	0.106406702	0.571469199	0.555191222	0.487378203	0.447103932	-0.021610768	-0.001565459	-0.122661981	-0.120638809
0.295017101	0.251553081	-0.339009403	0.175701999	2.753332343	1.805599254	2.513236698	1.933954713	1.017292863	1.202368552	2.206010667	1.417268821	1.276020401	0.852034199	1.371337538	5.331348931	6.681158883	7.054361971	6.643927538	7.046764895	6.810564461	0.36551863	0.897364922	1.195730805	1.004593985	0.544479952	0.501467534	0.709717646	0.729849866	0	0.875095163
-0.000181255	0.858892291	-0.189789512	0.235612571	0.137200316	0.943575928	0.305034756	1.232274615	0	0.643518308	0.500306215	0.429104879	0.270940029	0.23920868	0.343311236	1.868965506	0	0.879486209	0	1.431330744	1.457478326	0.33005798	0.321558787	0.363950274	-0.000268395	0.2508416	0.355925162	-0.121814366	-0.081327641	-0.011508161	0.009062222
0.415031474	-0.33163947	-0.374025958	0.243503356	0.055425173	0.031454497	1.787719805	1.781259949	1.229662117	0.876524276	1.533669109	2.102651251	2.186069902	1.904668019	2.227253961	0.35744945	1.5645079	3.004972006	3.986245193	4.140562647	4.466844318	0.411674788	0.838184157	1.358300219	1.727863005	1.077074532	0.997758285	0.566318343	0.500514245	0.820344433	0.852243591
0.0035468	0.317115723	-0.366921015	-0.2348778	0.17817746	0.601089864	0.002342373	0.031885782	1.217713085	1.45615454	1.786134383	1.384480609	1.15137207	0.925559613	0.886633207	1.345111115	2.034147369	1.501010653	1.345620592	1.173988367	1.318049122	0.007958238	0.594872317	0.174566195	0.191231119	-0.032109637	0.000577741	-0.006235386	0.017542122	-0.139466478	-0.970658653
-0.271377267	-0.627479546	-0.320617881	-0.815470241	-0.201253362	-0.060236143	0.072657177	-0.498893156	1.2420749	1.290515683	1.385465696	0.976738126	1.001879194	0.633106656	0.629248001	2.907235523	3.062920867	2.259107172	2.464497987	2.026345562	2.25785766	0.786444009	0.439535089	0.781693441	0.180257582	-0.077112084	-0.072099464	-0.003375814	0.004138022	-0.027008227	-0.04781013
0.088087797	-0.58023821	-0.784513514	-0.69618851	0.581437792	2.48188669	3.68939612	1.980080484	0.029387579	0.518561281	0.558344624	0.339891538	0.460708942	0.323207971	0.283922139	0.988698213	1.261056703	0.89312712	1.093064978	1.318808827	0.807633574	0.232194644	0.471249662	0.419266182	0.243200519	0.366400236	0.256973038	-0.009229686	0.252711011	0.015284373	0.395411972
0.01021569	0.357435354	0.16514113	0.007826502	0.216119922	0.30033285	0.222027992	1.278957777	0.526208917	0.286050611	0.534200456	0.273702892	0.184033017	0.346919577	0.219172207	1.172306703	0.741876626	1.274000351	1.217199629	1.194021322	1.109609691	0.020914515	0.254417426	0.74010849	0.001959906	0.004633238	0.001417132	0.125931414	0.142340684	0.218472153	0.352214282
-0.000788086	0.680974499	-0.269901424	-0.000554291	0.243780282	0.647865168	0.3175428	1.305658258	1.070463522	1.709937783	1.058466476	0.963796842	0.966781136	1.02250029	1.013111634	3.435507385	2.897825897	2.650737961	3.291648314	3.06004647	3.432149941	1.621236935	0.915052921	0.790221931	0.918786831	0.813880924	0.973504164	-0.22967387	-0.229886746	0.016691634	-0.003351249
0.107692355	0.922378889	0.215570556	0.120355126	0.654452589	1.267954907	0.42061369	1.062270534	0.864742568	0.580973215	0.472680423	0.309686629	0.147202822	0.271646755	0.07814863	1.179869475	1.350371993	0.991852733	1.180892624	0.751977944	1.126350011	-0.673644425	-0.519366471	-0.716922428	-0.762904703	-0.834833149	-0.788998714	-0.008183498	0.000173359	-0.010935561	0.020454547
-0.011148311	0.101809086	0.107053144	0.073737668	0.110878614	0.204638291	0.52133071	1.303175975	0.416736183	0.37542859	0.804391702	0.48836298	0.380868759	0.249536039	0.17994149	0.691680862	0.375290916	1.18092753	1.179724923	1.084861623	1.200624807	0.399872977	1.187093331	1.3333177	0.913322616	0.929762237	0.646710563	-0.084917233	-0.051688926	-0.043535901	-0.010935103
-0.460890057	0.900050802	-0.015765857	-0.460857662	-0.224273525	0.876511792	1.700434391	1.95327336	0.024771974	1.691327701	2.358028882	2.18583793	1.844696947	1.284686975	1.390927187	0.457780551	2.312698168	1.34676569	1.14962465	1.476588736	0.704994314	-0.002331897	1.514186038	1.439404393	1.178660267	0.776135952	0.720847206	-0.012190396	-0.001953311	-0.00520753	-0.271532527
-0.012258146	0.586948807	0.542994639	0.038816936	1.044090911	1.973058641	1.542554732	1.886506369	0.507167759	2.407715428	2.526261362	2.178155631	1.855935674	1.289381764	1.115582831	1.596295804	1.880762874	1.98482905	2.194542785	1.643628222	1.581304309	1.381900491	1.07891617	0.715430666	0.701742683	0.457880397	0.377850584	0.424388972	0.49852432	0.666472232	0.316699996
0.033395677	0.555443617	0.012115425	0.020375457	-0.017840391	0	1.512234776	2.139860927	0.940784975	0.799027718	1.203780874	0.925975342	0.75541218	0.623864303	0.686812045	1.850628015	1.570601073	2.207748238	2.772841556	2.34066353	2.413516379	0.699272161	1.145362936	0.784246197	0.826939878	0.757134991	0.529376675	-0.149146182	0.249164851	0.516074074	0.454962111
0.779110774	-0.098996428	-0.008583997	0.628557826	0.770938332	1.680611605	0.373470706	1.265419912	0.662159734	0.392079143	0.665080157	0.243879818	0.292359315	0.468872552	0.376887138	1.237078905	1.045328012	1.24965049	1.293133889	0.631521619	1.263372029	0.328535989	0.243318564	0.535556105	0.437640207	0.286732254	0.392382943	0.015343655	0.259777286	0.709190853	0.615457487
0.514519463	0.388793747	-0.27883224	0.001612069	0.704173867	1.098589523	1.446919452	0.878040061	0.503891565	0.639014166	0.770542967	0.549980026	0.390705765	0.669713206	0.459274016	1.18620752	0	0.877320542	0	0.821124105	0.762590615	2.060375901	1.810201056	1.947130936	1.801322842	1.609761223	1.28823439	-0.532180631	-0.136957238	-0.998641946	-0.563618717
-0.124967892	0.74767878	0.601054286	-0.204531945	-0.265327229	1.265433936	1.132835156	1.139186299	-0.108716986	0.383463001	0.556291082	0.443035443	0.467063188	0.366045099	0.524601518	0.718302407	0.643882892	0.29199678	0.33674244	0.38220038	0.275020544	0.207235036	0.00356817	0.685581549	-0.296401145	-0.157278864	-0.227683498	-0.702974882	-0.448107963	-0.415453524	-0.018217519
1.125286415	0.458582078	0.189174822	0.342951591	1.542990278	1.216968965	1.486229155	0.606570715	0.776732319	0.684901579	0.873745025	0.675370341	0.879384577	0.396382	0.394358195	0.376973896	0.78682102	0.28765458	0.175044643	0.43887654	0.164425933	0.539264645	0.384622216	0.551019784	0.454371143	0.505087509	0.319453606	-0.299983536	-0.011073165	-0.12055676	0.012239609
0.13644544	0.083650054	-0.034441588	0.084379728	0.160735384	0.739364383	1.205031725	0.177740175	-0.049684394	0.766776746	0.695592561	0.413650219	0.697287403	0.618116286	0.505076758	0.058279018	0.09281474	0.113110312	-0.025451171	-0.096259581	-0.047920549	0.554708684	0.596680551	0.823336924	0.731099583	0.793518031	0.702637389	-0.217904066	-0.075387783	-1.286662371	-1.409951982
0.003016528	0.089479933	0.090597067	-0.039238557	0.66122856	0.516310442	0.917935341	1.545255047	0.341648026	1.294128026	0.9942985	0.769892991	1.04713263	0.781646812	0.482232158	0.843878845	1.15279714	0.080946558	0.904136592	0.033434386	0.065314276	1.373145915	1.565005738	1.121221117	1.115945821	0.13389806	0.495435733	-0.916631548	-0.120748184	-0.828434467	-0.043851186
0.258012799	0.521797372	-0.127930599	-0.128856849	0.316628489	1.316388661	0.670980249	0.91161121	0.61304742	1.188635256	1.327029448	1.371122073	0.866840839	0.443886709	0.348903821	1.858338326	2.088624846	1.676914291	1.633090541	1.355460532	1.708535913	1.241767755	1.834191089	1.910719347	1.302632062	1.33495912	1.130882189	0.257329304	0.081161768	-0.756982499	-0.525593725
-0.458368705	0.087614824	-0.194722022	-0.354580066	0.078362492	0.841209057	2.385557988	1.481217297	1.597762178	1.520341197	2.023979661	1.980970201	2.080031904	0.713375701	-0.123389587	-0.930352505	-0.002034128	0.062178506	0.482129822	0.751045669	0.455673076	0.41483387	0.993592583	1.523782177	1.428529547	0.990345289	0.498728932	0.013610261	0.005021722	0.244902192	0.199027425
-0.503039356	0.714921831	-0.003557241	-0.24865134	-0.048797835	1.174304332	0.483310491	1.256427265	-0.007550411	-0.601826229	-0.618777491	-0.113386785	-0.188631114	-0.084216556	-0.13132433	1.237841833	1.05878904	1.412052532	1.569871246	1.191274639	1.299381827	1.247738983	1.179284035	1.215767409	1.330951007	0.933668776	0.540870184	-0.987783194	-0.973705204	-1.478314839	-1.713221334
-0.299379786	-0.015607485	-0.171068893	-0.338403575	-0.000596674	1.326098367	2.150421314	1.638666785	0.418974269	1.291034526	1.90314671	1.554245067	1.438201371	1.189696023	1.528964164	1.214001446	2.466171133	2.467091229	2.173285616	2.129126808	1.968197564	0.975787057	1.79692682	1.901343223	1.440308901	0.89038691	0.363471445	-1.034840466	-1.027739566	-2.007463145	-1.693220752
0.901581856	0.221167129	0.198259393	-0.165578427	2.255562512	1.464408091	0.826007163	1.253936639	1.192932813	2.348364673	1.860213094	1.365586908	1.253568487	1.022092869	0.509808822	1.33087973	1.428086408	0.607188882	0.591546361	0.231267337	0.259928019	3.234797026	2.202934664	2.729666191	2.149846569	1.914419281	1.687325059	-0.368330076	0.106206898	-1.464835333	-1.565774406
-0.04006566	-0.394895161	-0.50799127	-0.57748589	0.045264426	0.635398803	0.776199561	1.334969938	0.857740956	0.275579184	0.874844741	1.255500107	1.115398674	0.817676936	1.026179538	-1.616131096	-0.467955587	-0.096245945	-0.066030459	-0.123327046	-0.272390629	-0.546737616	0.10335353	0.127607097	0.100577021	0.05856267	-0.08614454	-0.399969626	-0.843291756	-1.349064755	-1.927457218
-0.236982525	0.478481635	-0.337221364	0.0724303	-0.229433838	0.564187979	0.200863382	1.498679068	0.323444263	0.083913466	0.083014674	0.197777832	-0.196643825	0.126664458	0.031946146	0.50354331	0.227093061	0.172267958	-0.040436012	0.118684193	0.407925734	-0.405498452	0.004772023	0.009599897	-0.017913451	-0.403062817	-0.363593287	-0.718107334	-0.026550137	-0.026129984	-0.00158638
-0.003317377	0.497135318	0.116575595	0.342951592	-0.109445364	0.844215456	0.806523525	1.258913599	0.211414347	0.483291057	0.334813119	0.078946157	0.189371245	0.169781516	0.304766787	0.28916471	-0.416335412	-0.017272984	0.194831815	-0.004729703	0.009598482	1.564568869	1.367732337	1.195230478	0.89661037	0.963469944	0.976656736	-0.561934312	-0.258612978	-0.875698412	-1.220340854
-0.420579608	-0.086451339	-0.170650227	-0.008788452	-0.135458119	0.595748191	0.655506074	1.282016928	0.213707981	0.379950097	0.023722525	-0.041555113	0.027087104	0.098300108	0.343311328	0.309628813	-0.417319234	0.341014769	0.875213881	0.211070623	0.569110886	-0.633762087	-0.732271528	-0.852817441	-0.421492106	-0.524732903	-0.543870522	-0.0456596	-0.647108041	-1.114309791	-1.232565069
-0.005475586	-0.010974132	-0.365771953	0.263690346	0	0.2123226	0.082759997	1.3407028	0.245441751	-0.324576929	-0.445222736	-0.2759061	-0.28109694	-0.204683346	-0.377400524	-0.527571966	-0.871104428	-0.787545957	-0.157265933	-0.583480951	-0.423692156	1.614882811	1.530811706	0.915789623	0.649192879	0.671161767	0.554648092	-0.235010958	-0.300246755	-0.029401138	-0.187520941
-0.116198688	-0.000994205	-0.401882506	-0.264657103	0.005211976	-0.206899356	0.016923289	1.27004938	0.224553217	0.180428031	0.136678552	-0.036081993	-0.058097274	0.177396054	0.006152644	0.238985467	-0.12467694	0.010321814	0.154982302	-0.003292406	-0.025484667	2.127294194	1.466227108	1.312285063	1.083535724	0.96798408	0.893824042	-0.587488252	-0.642049302	-0.787448777	-1.024925083
0.697367624	0.89376615	-0.001922322	0.221698986	0.000166719	1.196235616	0.795741351	1.389172219	0.084944109	0.150972418	0.422754583	0.357792414	0.247987159	0.335610847	0.062624657	0.3721175	0.346180452	0.194472694	0.337789769	0.259075996	0.299381827	2.015394254	1.674637574	1.891494036	1.355759301	1.242703752	1.133179615	-0.043701355	-0.45596912	-2.090961174	-2.397536605
-0.354069541	0.929263545	-0.650152722	-0.464876017	-0.487643466	1.490787046	1.493500086	0.754419352	0.279780068	0.225511779	0.587574505	0.193946821	0.245700036	0.244404314	0.278425115	-0.10011687	0.457379182	0.465410186	0.821570453	0.037137667	0.241885422	-0.197518399	0.49850237	0.424113665	0.208241257	-0.182179521	-0.366905902	-1.480220483	-1.323755691	-2.294114292	-1.930952378
-0.015081896	0.417424753	0.104731958	0.390513966	-0.24865298	-0.05593737	0.348667315	1.384625609	0.14806634	-0.642079256	-1.030347447	-0.656253602	-0.572046208	-0.355045057	-0.501210084	-0.380701896	-1.128502747	-0.456335154	-0.319289143	-0.756090691	-0.313384511	0.630283628	0.614561719	0.556743739	0.647808113	0.662434963	0.506929191	-1.032366869	-0.026009888	-0.171425419	-0.006046717
-0.220508005	-0.053011293	-0.612666509	-0.272329154	0.009717868	0.9467263	1.235273412	1.204167204	0.023676564	-0.177769826	-0.453508853	-0.770650167	-0.76233368	-0.624481631	-0.274272062	-0.214880112	-0.607620456	-0.715505646	-0.601640703	-0.762464793	-0.811381102	-0.327943783	-0.634654053	-0.598273928	-0.443331533	-0.419144654	-0.559269265	-2.242597093	-1.488711664	-2.454908155	-1.523624721
-0.266668112	0.225295015	-0.260348114	4.21E-05	-0.001402181	1.335743161	0.658096657	0.067621986	-0.011953288	-0.320173672	-0.551676458	-0.811044784	-0.582792419	-0.440895318	-0.177789271	0.00940892	-0.151575856	-0.373937095	-0.197383611	-0.591177844	-0.111245621	-1.110858232	-1.04300111	-1.25605641	-0.980550205	-1.038010618	-0.984172697	-1.518705855	-1.386831168	-2.555606533	-2.146050963
-0.251017799	0.109474258	0.005176084	0.070213611	-0.140091261	0.025541172	-0.239856191	1.224345085	0.899351605	-1.870029233	-2.275713359	-2.004782742	-1.704768071	-0.84314906	-0.708943505	-3.255155806	-3.826538733	-3.544404297	-3.557240672	-3.760443455	-3.888510575	-1.765929415	-1.957690106	-2.050251798	-1.752220634	-1.496917891	-1.504098213	-0.265866872	-0.383330459	0.00197488	0.014843729
-1.22757354	-0.752682982	-3.021385839	-2.91107368	0.529773106	1.782668005	1.618474825	1.700335796	1.640159266	0.494080987	1.150450225	0.98600741	0.956914353	1.047897102	0.62068639	-5.477548227	0	-3.721556897	0	-3.218539863	-3.646174649	1.618499372	1.028259965	1.151195986	1.097128523	0.933888548	0.394447095	-2.099238544	-1.679940097	-2.170030056	-2.456066679
-0.750571091	-1.450989843	-1.465305551	-2.345891956	-0.02886279	0.275491494	0.568950466	0.580965899	-0.000795896	1.424871178	2.421865589	2.604567751	2.623372464	2.328558269	2.778858119	1.46464043	3.547056013	3.379778386	4.020646791	3.666305128	3.458830781	1.175585068	2.318489298	2.989491553	3.290777355	3.195686299	3.060572449	0.359867466	0.576998379	0.149589677	0.24090731
-0.689555817	-0.663596604	-1.155026507	-0.951942082	0.107397105	-0.211600753	0.244955966	1.289028455	0.375589261	3.046757864	2.596361427	2.229081035	1.848023371	1.806046601	1.977710635	4.427379035	4.600686799	4.913657896	5.504483062	4.509072879	4.835087607	1.99654145	1.589197063	1.692452102	1.799349322	1.405118612	1.528168556	0.198167231	0.447862688	0.144715703	0.265064628
-0.085290857	-0.461246875	-0.711988021	-1.249487734	-0.314727537	0.586352408	1.152933707	0.932787327	1.13526773	1.523849617	2.041236353	2.073400275	2.088164575	1.535819645	2.051912806	-0.201677811	1.112740501	1.179316971	1.44979984	1.646889684	1.043442767	0.001711329	0.706741229	1.707909172	1.261650624	1.135665721	0.262425871	0.006634335	-0.092141794	-0.128007589	-0.368289463
-0.210439825	-1.085790463	-1.001972788	-0.95827719	-0.173908093	-1.015190389	-0.577269843	-0.804434133	1.374052026	0.434782316	0.435535871	0.391289288	0.404233133	0.45241743	0.523459748	0.619898703	0.443561885	0.633946183	0.936644481	0.372534046	0.665972425	0.401576891	0.341950576	0.402892961	0.475080667	0.330792609	0.08469619	-0.029581616	-0.780553626	-1.327808448	-1.170502299
0.00387084	-1.288630942	-0.619046673	-0.823696849	0.080676821	-1.136071056	-0.783286954	-1.106953596	0.684450029	-0.117709837	0.007188835	-0.282758475	0.012103035	-0.000321681	-0.082915804	-0.411449799	0.084471449	-0.165032225	-0.111545556	-0.10462142	-0.839055772	-0.063149747	-0.011682221	-0.036331689	-0.023603057	-0.041162827	-0.119207888	-1.16717185	-0.674840549	-1.513594221	-1.169398828
-0.010243112	-1.217179973	-0.610215612	-0.888938115	0.347088468	-1.4343455	-0.942374018	-0.974192655	0.545002032	-0.156360361	-0.40057703	-0.286258935	-0.245620608	-0.022392155	-0.013648427	-0.316539038	-0.207520234	0.162815377	0.227972406	-0.017128556	0.026771131	-1.090578772	-0.970564103	-0.66797324	-0.790819862	-0.882182598	-0.931215779	-0.310379986	-0.279673699	-0.666601058	-0.792998556
0.599427434	-1.183713598	-0.575684514	-1.187575794	0.228129282	-1.259992855	-0.966221668	-1.225892313	1.033288514	-0.832986294	-0.916964752	-0.911873028	-0.560477674	-0.72002848	-0.717128997	-1.219261977	-0.875753652	-2.308842817	-2.033784378	-1.979652714	-2.303958042	0.408220608	0.3783288	0.407507743	0.260820513	0.352328243	0.293458397	-1.523257511	-1.060012519	-1.721026539	-1.554858846
0.613209255	-1.575580937	-0.691147972	-1.180158991	0.31129066	-1.379303632	-0.987238504	-1.376927511	1.170083561	-0.749987429	-0.831902883	-0.791552986	-0.418963757	-0.418613746	-0.423147768	-1.163837568	-0.799223302	-1.758947675	-1.591104123	-1.762043826	-1.672975111	-0.146084003	0.096025415	-0.005648909	0.0142997	-0.143483825	0.136706989	-1.256010269	-0.949311034	-1.412064408	-0.729298424
-0.064681087	-1.381229962	-0.047660918	-1.195996618	-0.341930566	-1.559009654	-1.183516221	-1.419094072	0.844533852	-0.054765603	-0.076840454	-0.126846176	-0.040133814	-0.173594831	0.157405878	-0.156678786	-0.259094625	-0.551647068	-0.765893122	-0.040747552	-0.461470289	0.628305639	0.238794587	0.532654624	0.18392471	0.44929655	0.329660302	-0.232521855	0.004802535	-0.340144806	-0.002429377
-0.044843999	-3.878180141	-1.788332838	-1.454960465	-0.094801316	-2.71704619	-1.084206946	-1.073491845	0.767394454	0.000661044	0.061142115	0.069149532	0.050526525	0.179498346	0.04961605	0.118426403	0.133412796	0.591861882	0.023157492	0.363412656	0.719610389	0.097944803	-0.010232882	0.024759497	0.012757427	0.094980587	0.082907294	0.018587828	0.098740004	0.349212371	0.64720606
0.146981486	-1.395854928	-0.721225758	-1.37629289	0.118985079	-1.70763455	-1.09366293	-1.393139901	0.683002267	-0.011492815	-0.179835724	-0.158989657	0.027860972	0.168595233	0.203736875	1.513343621	1.602580278	1.578593594	1.62109657	1.384606878	1.497802884	0.637185309	0.785598584	1.002418585	1.053521617	0.682715994	0.798392005	0.219812225	-0.003170507	-0.010879808	0.209439029
0.02595796	-1.468338699	-0.872408609	-0.616610468	-0.118824579	0	-0.320834225	-0.082081916	0.544546565	-0.128296778	-0.044077899	0.144907335	-0.030132839	0.108276142	0.051158472	0.778267196	0.145579486	0.81984092	0.907314724	0.549178645	0.878517061	-1.012976003	-0.811421015	-0.609121493	-0.859535737	-1.204055083	-1.109190652	0.228051512	0.116623513	-0.428469256	-1.034099128
0.005779991	-1.111414765	0.16514113	-0.616626183	0.50868145	-1.044664284	0.331242471	0.576986047	1.304738934	1.316467178	2.03741254	1.5779545	1.187814264	0.517253637	-0.088739643	0.677269882	1.81275675	1.333662102	0	0	0	0.476604915	0.285457037	0.002235341	0.334972059	0.222695774	0.242640433	0.402715629	0.692910732	0.982095502	0.817272888
0.351421238	-1.090530741	-1.11697981	-1.377872301	0.551567263	-1.182670223	-0.64908366	-0.436955495	0.607388932	0.156850296	0.364733811	0.335194115	0.008682748	0.114654962	0.324694168	1.842625526	0.538179595	2.023858944	1.441785522	1.758487053	1.834740401	-1.38138709	-0.933435375	-0.497760819	-0.945382739	-1.357911442	-1.289852714	3.145637679	2.366188902	1.596805346	1.687486326
-0.059138156	-0.964223609	-0.955230068	-1.25777832	-0.099468795	-1.911628369	-2.121064713	-2.688022652	0.567594024	0.146942045	0.017952627	0.105599338	0.169409775	0.107860758	0.240714504	0.796506314	1.371148951	-0.406817976	0	0	0	-0.057273723	-0.028416018	0.421264177	0.003351554	0.33146006	0.030983945	0.454194848	0.238473773	0.659654995	0.667738481
1.265965933	-0.587344787	-0.909811355	-1.184094147	0.892286441	-0.78083997	-0.848949294	-0.018592062	0.762311094	-0.034747714	0.145256446	0.019822467	-0.096972174	-0.255960423	-0.323669335	0.774065679	0.706093172	0.545788337	1.036134069	0.923972512	0.780969145	0.001750356	0.199912176	-0.21364532	0.047758164	0.088570171	-0.111302715	0.428684841	0.480490398	0.953116435	0.574159176
0.850664034	-2.015956434	-1.051727814	-1.856345838	0.388792713	-1.75103157	-1.191632864	-1.832791135	1.138440315	-0.10305867	-0.227744939	-0.138591415	-0.190127318	-0.230546201	-0.147048533	0.181456599	0.00829262	-0.013953829	-0.424109169	-0.291649726	-0.499083053	-0.35656183	-0.241829027	-0.157826309	-0.002556911	-0.467359847	-0.01481497	-0.002618126	0.228903622	0.66817152	0.278971826
-0.011914927	-1.515061131	-1.19363204	-1.363658603	-0.148070839	-1.574571792	-0.577342933	0.001937274	1.000785874	0.363982173	0.31307641	0.225248879	0.064795584	0.500019556	0.628144604	0.774591538	0.601769091	0.516400789	0.455359365	0.474330997	0.768419694	0.673127054	0.461445903	0.705159008	0.485712601	0.45451426	0.204157438	-0.001657884	0.006903602	0.003892918	0.211512364
-0.098540267	-1.374566457	-0.840533079	-0.849724662	-0.177277021	-1.376316898	-0.750025959	-0.763402687	0.161792187	-0.104169448	-0.249731797	0.0195134	-0.111821645	-0.901064024	-1.208472663	-0.049660947	-0.253714865	0.014197779	0.2234463	0.004905179	0.006038635	0.101415166	0.170442804	0.032045304	0.167912391	-0.0232401	0.103925152	0.008996406	0.327478779	1.165918825	0.925646063
0.320443092	-0.864986454	-1.050040043	-1.385691172	0.651170005	-0.935998838	-0.933271048	-0.903450179	-0.136053731	-0.240263466	-0.196728814	-0.153003969	-0.40188214	-0.158925469	-0.055577069	1.807597079	0.479921751	2.134382545	2.018933812	2.116514183	2.032181081	1.511766195	1.188071416	1.044875957	0.995549979	0.762589421	0.823340908	3.026222511	2.802418492	1.627262637	1.238875821
-0.703564517	-0.69782194	-0.192164406	-1.35328458	-0.144556237	-0.768561779	-1.160369011	-1.585334291	-0.050133919	0.179070889	0.332466038	0.166450605	0.130223026	0.098227579	-0.014982768	-0.681688944	1.56506289	0	0	0	0	0.325792352	0.326115269	0.283075938	0.174338661	0.241638902	0.156302469	0.388083708	0.47037328	0.91283284	0.868540426
-0.164270866	-0.021895158	-0.626875647	0.559649099	-0.13984618	-0.368669631	-1.271849245	1.143565761	-0.208608914	0.036878163	0.16892915	0.069188881	0.177686694	-0.059091928	-0.261252051	1.590035519	1.819284793	1.9818084	2.640748627	2.734632579	1.346903984	0.440706127	0.476895221	0.284644597	0.377922675	0.303838158	0.216544036	0.597179307	0.737463051	0.865479345	0.812272206
-0.325468842	-0.843506489	-0.078314978	-0.650093448	-0.283373534	-0.760500915	-0.706121373	-1.252994369	-0.235243785	0.291365527	0.617217152	0.060541493	0.266554949	0.03737548	0.247014716	3.441564638	3.369114149	3.080416469	3.029740324	3.386492564	3.017645273	0.802869139	0.447529332	0.561021852	0.658276225	0.520095793	0.536070085	0.095343436	0.104078173	0.117323779	0.035390647
-0.559740925	-1.869645322	-0.561115715	-1.135270599	0.003950428	-1.531862676	-0.847978683	-0.008438929	0.000625993	0.261591873	0.292218294	0.151029695	0.323935937	0.616345458	0.351871804	0.37350671	0.801496633	0.912997311	0.802731127	0.28635875	0.648167614	0.839877221	0.547369918	0.604250471	0.675480531	0.649111124	0.554120599	0.388083708	0.240856425	0.523602833	0.983411087
-0.181823935	-1.314615254	-0.506893783	-0.654235541	-0.412118408	-0.421303509	-0.454030253	-0.462607054	-0.003199077	0.190720672	0.336015402	0.093247414	0.145577866	0.183740216	0.097920164	0.374200815	0.528537014	0.586127266	0.610736058	0.59458004	0.399185884	0.012849758	0.236678533	0.009416183	0.412038335	0.272552469	0.220870959	0.829352749	0.014300874	0.943325932	0.891137317
-0.17079311	-0.783704376	-1.115045672	-0.215748945	-0.536341844	-1.315587099	-1.453282844	-0.870542526	-1.011705861	0.109589469	-0.057144827	0.274190472	0.032023045	-0.897468171	-0.909873176	0.637350872	1.396940131	-0.255006477	-0.026672399	-0.105001664	-0.005014019	-0.035361536	-0.426080677	-0.223974091	-0.006004481	-0.149886212	-0.102011439	1.602892958	0.715358864	1.422524277	0.922274294
-0.275620892	-1.473117262	-0.704283743	-1.200767248	-0.005823171	-1.21839925	-0.737739636	-0.65705358	0.084944108	0.134969466	0.06714655	0.045380292	0.244665892	0.289683489	0.280910154	0.193304695	0.000504005	-0.005825309	0.004211897	-0.245168565	-0.014470388	0.007011225	0.217186473	0.019967455	0.088818142	0.008531019	-0.008785271	-0.265824367	0.008328793	-0.021918531	0.025433631
-0.771782772	-0.826475058	-0.929481422	-0.89803992	-0.460141409	-1.254308687	-1.128525679	-0.614694094	-0.349605288	-0.054617861	-0.232555481	-0.073175243	0.002458754	0.061575695	-0.053426732	-0.095909051	-0.091395102	-0.006444936	-0.465739807	-0.04162677	-0.009167204	-0.36238688	-0.309518084	-0.496913044	-0.1281557	-0.231020246	0.000184772	0	0.019788302	0.745056305	0.181506016
-0.328982302	-1.288176958	-0.478088339	-0.361733221	-0.082513005	-0.769181057	-0.538473117	-0.027786105	-0.711489527	0.015943862	0.113703681	0.017543802	0.091319268	0.131655027	0.190006011	-2.596812122	-0.516250912	0.101053998	0	0	0	-0.200919319	0.263057236	0.00478606	-0.003851361	0.004459621	0.271806421	0.820661789	0.561831931	0.719880576	0.701076942
-0.65797091	-1.136448694	-0.526400078	-1.210371796	-0.697774106	-0.835892248	-0.359930426	-1.333153078	-0.666391551	-0.060010241	-0.068946524	-0.057575028	0.086702559	0.071095278	-0.000189698	-0.85834673	0.097283928	-0.775975133	-0.616275679	-0.59934728	-1.367744142	-0.561384271	-0.585132953	-0.670206578	-0.388064663	-0.37964744	-0.23741916	0.441496228	0.38892603	1.019850424	0.496365528
0.33941122	-0.933371808	-0.794999514	-0.405198188	8.43E-05	-1.214286903	-0.735794793	-0.908898629	0.022862488	-0.057855454	-0.024642211	0.126891229	0.15211643	-0.003515044	-0.041071973	-0.036179053	0.365425225	-0.382394502	-0.702553118	0	-0.868866596	-0.344721421	-0.414858999	-0.576420984	-0.374786466	-0.330737765	-0.214235807	0.273341622	0.012281616	0.489409644	0.88248804
-0.003086202	-0.85238948	-0.273481216	0.27720666	-2.067979157	-1.304651464	-1.083959814	-0.457369869	-2.16189506	0.120693539	-0.348641031	0.033885259	-0.083879795	-0.520062145	-0.831166753	0.434010209	-0.246457234	0.472122638	0.001028907	0.406086605	0.002409569	-2.388615617	-2.613240898	-2.304101456	-2.263086513	-2.067091373	-2.156977723	0.438659069	0.570382667	0.693423537	0.39358693
-0.507560629	-0.488354257	-0.378543598	-0.057330985	-1.596646276	-1.239780782	-1.348869339	-0.907055814	-1.366180677	0.43360161	-0.21798863	0.481760335	0.182086684	-0.798177257	-0.713822906	0.120930396	0.644758261	-0.008524279	-0.481597522	0.00472609	-0.11046285	-2.67595759	-2.587325443	-2.172811313	-2.003834785	-2.217450726	-2.353004451	3.335670755	2.61346532	2.769701302	0.939471909
-0.631885882	-1.139792511	-0.612972735	-0.196779921	-1.925478915	-1.700261788	-1.582612672	-1.216665001	-1.829312894	0.212489815	-0.084508149	0.173400973	0.070226813	-0.387594365	-0.535359049	0.222891491	0.08671367	0.516400789	-0.446036581	0.089885829	0.157779258	-2.549788465	-2.766039208	-2.401368882	-2.116129317	-2.486781603	-2.534405387	3.691659669	2.891268387	3.091174248	1.268885899
-0.46279481	-0.919421518	-0.489876032	0.007397273	-1.842481837	-1.524543429	-1.246143729	-0.820051624	-1.827448205	0.30027377	-0.089878609	0.082767155	0.046022208	-0.050435249	-0.191107014	0.335520346	0.318799065	0.519181442	-0.040260761	0.145892151	0.485469572	-2.298900101	-2.384759226	-2.216438315	-1.826758854	-2.015851077	-2.150084598	2.993972832	2.171671815	2.81709318	1.233444492
0.01424731	-0.506193237	1.451274234	-0.019509392	-1.065010947	-1.051057563	-0.232907032	-0.525649504	-0.263704664	-0.802525276	-0.964075285	-0.595203568	-0.608093855	-0.509577175	-0.941798346	-0.211561241	-0.796695909	-0.071826518	-2.148055898	-1.062852099	-0.487640093	-2.346208654	-2.713699963	-2.391946666	-2.376622549	-2.137768528	-2.259924708	-0.578688175	-0.476167507	-1.140761245	-1.614090935
-7.58E-05	-0.35562424	-0.269534667	0.17363855	-1.698442285	-0.470856827	-0.714450788	-0.389420054	-1.511198799	-0.30605051	-0.615977492	-0.347105522	-0.362886096	-1.104407163	-1.267436305	-0.754190582	-0.320522974	-1.047399944	-1.876660226	-1.054710555	-1.491180286	-1.976593617	-1.533646842	-1.01619689	-1.251239924	-1.411750476	-1.794184921	0.637326455	0.400694465	0.660508914	-0.444990129
0.491640423	-1.385897722	-0.39158769	-0.754679246	-0.167733138	-1.278050323	-0.77412124	-1.261147629	0.004091484	-0.514072027	-0.728180313	-0.708699456	-0.551565021	-0.440461691	-0.71238876	-0.493948999	-0.642147501	-0.812438675	-0.898178063	-0.86465215	-0.751153745	-1.065838672	-1.742215873	-1.822133693	-1.257277464	-1.077807921	-1.317397036	-0.205784346	0.010514738	-0.001398999	0.248331721
-0.365596313	-1.587894437	-0.978455745	-1.425862305	0.010974531	-1.739061303	-1.090086894	-0.587817346	0.008850039	-0.136912955	-0.466865088	-0.341027671	-0.288815544	-0.078007842	-0.284754534	-0.676773843	-0.961096277	-0.926860917	-1.165251565	-0.900397273	-0.821821848	-0.009347225	-0.769147248	-0.579026481	-0.66728264	-0.376546427	-0.158567772	0.174488235	0.278453211	0.372329611	0.879883113
-0.34157414	-1.227389395	-0.750732054	-1.01855878	-0.016896138	-1.057922607	-0.786325277	-0.396711432	0.007346761	-0.485874251	-0.549578761	-0.528777411	-0.300765839	-0.076224268	-0.474195232	-0.231929405	-0.718557324	-0.38290653	-1.212795031	-0.106119553	0.018545002	0.218454587	0.005697372	-0.106695332	0.294248125	0.369328246	0.315724103	0.012904674	0.247980859	0.136146424	-0.005439214
-0.373054809	-1.621912471	-0.429978825	-0.81266054	0.326069472	-0.857763086	-0.550050458	-0.00698462	-0.10552445	-0.557769557	-0.682594405	-0.627201472	-0.397864774	-0.038228753	-0.030665866	-0.881098364	-0.290611715	-1.004734164	-1.028182733	-1.249137996	-0.855427616	0.001666356	-0.129619563	-0.357863101	-0.005498709	-0.001764411	0.007070605	-0.09675792	0.025356301	0.306207845	0.708436395
-1.334209325	-0.283953174	-1.343243589	-0.59778528	-1.636508725	-1.201169409	-1.51177825	-0.036409041	0.172443799	-1.049428033	-1.17793352	-0.770565958	-0.57558094	-0.468244728	-0.478143709	-1.280561236	-1.443435416	-1.311466406	-1.079990997	-1.203827815	-1.172691378	-0.487207761	-0.231519801	-0.26666958	-0.236628342	-0.260600838	-0.391234119	-0.626061509	-0.836009848	-0.564517465	-0.676209125
-0.013028815	-0.007406244	-0.339495191	0.352711933	-1.408406299	-0.441579257	-0.792047193	-0.385527832	-0.840867653	-0.109215353	-0.156240506	0.017707016	-0.047185848	-0.597296416	-0.632172637	-0.42679286	-0.322509108	-0.808997655	-1.169208152	-0.522297806	-0.733097326	-1.040766847	-0.638735581	-0.191941424	-0.614024188	-0.851784541	-1.010870857	-0.184099694	-0.225919449	-0.331454347	-0.601570771
-0.180343084	-1.106027362	-1.202684831	-1.033578978	-0.006411147	-0.866190209	-0.670098447	-0.608886759	0.341385837	0.025445351	0.361310016	0.206638214	0.186010521	-0.000587313	0.011592086	0.039027299	0.637564509	-0.594832332	-0.607440487	-0.540488857	-0.767547361	-0.157358478	-0.185625029	0.103110443	-0.362333775	-0.337943738	-0.075414429	-0.001535454	-0.034349797	0.336445075	0.002996018
-1.007479692	-0.208051103	-1.020573657	-0.538767473	-1.251250628	-1.083617678	-1.249278409	-0.405951369	-0.00379256	-0.103897766	-0.210565611	-0.002396044	-0.033624803	-0.006829413	0.072063805	-0.347382898	-0.27990976	-0.35113592	-0.234733007	-0.566256343	-0.007322305	-0.007437634	-0.179875273	-0.144540514	-0.101523778	-0.012386407	-0.000460003	0.30639991	0.020292951	0.40428772	0.407520268
0.438913393	-0.508565804	-0.074355451	0.007820593	0.062037247	0.032707478	-0.002724923	0.058704155	-1.232198259	-0.187215614	-0.362439607	-0.104152013	-0.227445384	-0.134776146	-0.447981625	-0.888751635	-0.593213862	-1.361363545	-1.599793113	-1.727569274	-1.71041518	-0.103389346	-0.014122624	-0.065368763	0.073567677	0.087365154	-0.311326665	0.091302149	0.290770853	0.078775711	0.657382051
0.018907671	-0.885145059	-0.435956701	-0.480794744	-0.002531573	-1.278717022	-0.579682027	-0.748211823	-0.011851608	-0.141629987	-0.368432229	-0.071467249	-0.203699988	-0.103311518	-0.288859678	-0.410502771	-0.10509409	-0.081718412	-0.122782951	-0.209325191	-0.081834954	-0.955378963	-0.977860415	-0.88697708	-0.789967623	-0.58663439	-0.628284253	0.015698719	0.016938194	0.038293008	0.031203502
-0.174946609	-0.78804131	0.022179278	0.551726536	0.130480718	0	0.037312829	-0.006730154	-1.56288501	-0.382571844	-0.546947894	-0.385663909	-0.180250435	-0.317813863	-0.401527798	-1.514117675	-0.717743735	-1.853458867	-1.005434755	-1.897073627	-1.462493927	0.470821458	0.568435069	-0.075786584	0.481831952	0.3673769	0.427942074	0.386612321	0.544576901	1.033098406	0.854898859
-0.966831639	-0.96908303	-0.901542025	-1.128958266	-0.548399646	-1.393927649	-1.077047267	-0.461302465	-0.262000076	-0.119877936	-0.030725336	0.161093973	-0.072075717	0.295253066	0.099580144	-0.404051973	0.026510854	0.001176097	-0.230072714	-0.016781753	-0.346545398	-1.044444475	-0.619880538	-0.843720001	-0.586383275	-0.675137152	-0.535044099	-0.525316631	-0.097496963	-0.326342882	-0.01771472
-0.43896758	-1.483355465	-1.161631149	-1.637397415	-0.414755949	-1.74242615	-1.267032185	-1.13495728	0.001623569	0.156751862	0.186968594	0.020482554	0.134272622	0.020492213	0.242164548	-0.131991498	0.037750605	-0.43294178	-0.672607367	-0.500585334	-0.619881194	-0.496604174	-0.58193283	-0.579331325	-0.653003006	-0.677680102	-0.646905822	-0.420669647	-0.350547401	-1.047864199	-0.272267967
-0.164899054	0.331410838	-0.834065862	0.926076654	-0.433420167	-0.20147012	-1.574104897	0.977629645	-0.308944355	-1.781560123	-1.68226156	-1.60059043	-1.526284258	-1.370192028	-1.170121955	-0.496707805	-1.307969979	-0.101556614	0.182059381	0.004092962	0.164425932	-1.500451709	-1.160503669	-1.294297566	-1.188276592	-1.241888843	-1.291908235	-1.241501132	-1.164942195	-2.212741196	-2.635350282
-0.008929201	-1.10277381	-0.024498315	-0.712907375	0.310101788	-1.231132139	-0.757714234	-0.475788458	0.020114962	-0.102337618	-0.53882846	-0.471462236	-0.458286194	-0.307022851	-0.258469067	0.008606275	-9.70E-05	3.22E-01	3.37E-01	-6.75E-03	4.20E-01	-0.59538035	-0.73914367	-0.578273967	-0.600447679	-0.455558047	-0.458751767	-0.395908038	-0.017041777	-0.49726768	-0.428415351
-0.587924687	-1.330893497	-0.865336761	-1.398095636	-0.663130035	-1.718341599	-1.089474589	-0.867760923	0.15464717	0.227488856	0.130352358	0.111681856	0.22969164	0.378914142	0.354858085	0.242030735	0	0.232244734	0	0.006972406	0.381545725	-1.120540841	-0.871982567	-0.797775792	-0.634944623	-0.678224316	-0.650132476	0.303283938	-0.605211704	-1.042022273	-1.000087265
-0.428350475	-1.589614975	-0.894599939	-1.533705037	-0.40320621	-1.805137	-1.368916012	-0.884347816	-0.00240213	0.138429971	0.054736583	0.097239813	0.043804524	-0.162567193	0.096505699	-0.109290169	-0.009474775	-0.705147559	-0.589065369	-0.453140905	-0.64261974	0.450534744	-0.000033	0.742849955	0.360839218	0.37354713	0.371277931	-0.147923575	0.01664026	0.023239955	0.449702127
-0.133105391	-2.069438417	0	-1.700354126	0.014685784	-2.200918392	-1.124622533	-1.05249512	0.216569904	-0.035344719	-0.243851151	-0.139243267	-0.163080472	0.009480874	0.006137708	-0.064863227	0.082629322	0.199104143	0.122533816	-0.363203115	0.094994154	-0.756217968	-0.522572722	-0.332778152	-0.504503069	-0.688723136	-0.606107681	-0.720365603	-0.81683112	-1.678001328	-1.589940578
-0.104195473	-1.383536064	-0.067657526	-0.089166706	-0.123592514	-1.117919917	-0.110364423	-1.158922273	-0.045108461	0.105191822	0.055221579	0.012675068	0.136829722	0.238618858	0.076598142	-0.123213406	0.010578348	-0.024169618	-0.004978516	-0.053459262	0.0256067	-0.248463476	-0.296126586	-0.430233087	-0.116240471	-0.293699125	-0.062446134	-0.252621473	-0.030978503	-1.183030745	-1.054223769
-0.342700063	-1.63948732	-0.792802278	-1.286214483	-0.223066803	-1.593459142	-0.938460172	-1.032795568	-0.067193041	0.056105228	0.090186589	-0.00414265	0.002875197	-0.07679724	0.149379959	-0.21006093	-0.444233252	-0.650843244	-0.559083848	-0.684494798	-0.1024513	0.013967794	0.006099305	0.032269357	0.080719105	0.109566115	-0.000215175	-0.537479648	-0.422845814	-0.626410878	-0.111764969
-0.181618473	-0.828045776	-0.236651863	-1.281023291	-0.243128279	-0.870167495	-0.716060186	-0.701648503	0.027124772	-0.09262275	-0.113466448	-0.061320183	-0.220703699	-0.218089761	-0.144608498	-0.195620866	-0.126618342	-0.442667325	-0.748018988	-0.421960521	-0.801487338	-0.141758974	-0.278901925	-0.327092645	-0.378600572	-0.272565244	-0.364551568	-0.990589995	-1.016481234	-2.102542781	-1.621017154
-0.002976761	-1.73093577	-0.610881459	-0.870224929	0.34476809	-1.335595515	-0.633262141	-0.612047964	0.283060164	0.008587172	-0.195493802	-0.079851067	-0.103736016	0.015509902	0.083786051	-0.155537392	0.000948286	0.155685074	0.458251505	-0.008174534	0.233481349	-0.116138466	-0.222586634	0.17862156	-0.237940501	-0.299720439	-0.170460093	1.220927765	-0.636008592	-1.355236767	-2.059815243
0.424300118	-1.022920969	-0.4045996	-0.738528636	0.061894669	-1.224138097	-0.624233025	-1.352393319	0.432330362	-0.023998672	-0.124093016	-0.263085865	-0.018850123	0.06459516	0.0419579	-0.463087096	-0.255003505	-0.5759087	-0.123919274	-0.972468407	-0.753709531	0.502122326	0.09627292	0.36127669	0.082732005	-0.002144424	-0.016284192	-0.961453687	-0.932312037	-2.28927725	-1.913921095
-0.317063592	-1.30973741	-1.018687586	-1.352300446	-0.173229771	-1.152891428	-0.783477452	-0.822040727	0.192351433	-0.210181687	-0.211319674	-0.14706807	-0.167658804	-0.106358139	-0.238048314	-0.780270861	-0.410603937	-0.739810307	-1.220390941	-0.559556418	-0.992423328	0.78422499	0.643715048	0.859853806	0.136822607	0.667465931	0.485787406	-0.032846998	-0.124353388	-0.005594859	0.003122309
0.184389935	0.102438267	0.23810779	0.437131755	-0.007238096	-0.184260605	-0.177496238	-1.201793056	0.162386011	-0.306361112	-0.122535876	-0.298147985	-0.135473675	-0.352004628	-0.197306642	-0.837252289	-0.670644538	-1.416641956	-1.575788523	-1.703652896	-1.576549924	0.594258159	0.708296651	1.016647398	0.446428225	0.565057567	0.442836021	-0.822137264	-0.29328523	-1.194381084	-0.243437226
-0.627122897	-0.690092998	-0.336098166	-0.801658286	-0.37328988	-0.961827329	-0.989970866	-1.311914746	-0.228170835	0.137784465	0.064865481	0.12610107	0.161319818	0.140401613	0.068554758	-0.285492941	-0.00415117	-0.230606778	-0.575633694	-0.291555437	-0.497880594	1.004665024	0.917508252	0.895606039	1.006215902	0.924629166	0.700017122	-0.295243993	-0.016969434	-0.009289152	-0.006714601
-0.757965989	-1.712919271	-0.977982401	-1.096428713	-0.288741478	-1.453015529	-1.093932528	-0.802640546	-0.344173775	0.032999115	-0.139825932	-0.06087287	0.079775215	0.258306805	0.153358059	-0.055171124	0.063902893	0.255776593	0.217768626	-0.013791232	0.002000614	0.780333475	0.92165393	0.789780132	0.939307534	0.838271753	0.619867209	-0.002963608	-0.190284851	-0.56343457	-0.585455585
0.089552242	-1.30721282	-0.387991835	-0.463656919	0.051707137	-1.049994905	-0.12303069	-0.76711775	0.109380515	0.05711212	-0.089683378	-0.02660022	0.144720772	0.037214569	0.133126338	-0.888054385	0.029818039	-1.042531044	-0.809984948	-1.278222843	-0.936143043	1.717683487	1.222542547	1.456484534	1.60176605	1.542247402	1.189712205	-0.363361626	-0.091262026	-0.061676407	-0.044992156
-0.215185642	-1.269903195	-1.1093325	-1.604866417	0.00509261	-1.066119308	-1.047929667	-0.781349572	0.286605206	0.355655031	0.379842973	0.295628104	0.215774778	0.39426999	0.30257691	0.073045223	0.076060983	0.012680357	0.081049331	-0.007368815	-0.218830801	1.656643526	1.23751021	1.286524738	1.33447004	1.212767899	1.058528313	-0.363566757	-0.258363659	-1.192161327	-1.454357013
-0.520614701	-0.391788272	-0.655676441	-0.815576643	-0.815339541	-1.194971753	-1.298688798	-0.63566582	0.010618811	-0.380732046	-0.515355573	-0.728645027	-0.620155097	-0.505341569	-0.207264239	-1.051900104	-1.147723148	-1.469502658	-1.277568704	-1.120688481	-1.496000453	1.807137633	2.410061505	3.102754792	1.951238076	2.044675667	2.176492419	-1.062196779	-0.79988143	-1.743048628	-1.806900255
-0.58723117	-0.832939844	-0.134857861	-0.856503976	-0.435623513	-1.427177185	-1.259033248	-0.630510705	-0.001502105	-0.317057068	-0.614995984	-0.724707497	-0.505088023	-0.296400925	-0.053502399	-0.978901815	-1.271589786	-0.582647527	-0.504806889	-0.779225269	-0.599908184	2.410452378	2.384212612	2.876853038	2.74641987	2.384121102	1.798169281	-1.061783775	-0.820030057	-1.523513158	-1.165478121
-0.554798857	-1.702645918	-0.528131831	-1.039111814	-0.184912728	-1.046302093	-0.479200714	0.003620258	0.107938227	0.089693187	0.19175767	0.285107666	0.402772421	0.170286757	0.324635425	0.233640732	0.705086406	-0.129114431	0.009521827	0.012385798	-0.012390296	0.448854587	0.330657407	0.713801422	0.421793636	0.437254724	0.080672954	-0.781871581	-0.618434894	-1.424262001	-0.977900541
-0.1749	-0.788	0.02218	0.5517	0.1305	0	0.03731	-0.00673	-1.563	-0.3826	-0.5469	-0.3857	-0.1803	-0.3178	-0.4015	-1.514	-0.7177	-1.853	-1.005	-1.897	-1.462	0.4708	0.5684	-0.07579	0.4818	0.3674	0.4279	0.3866	0.5446	1.033	0.8549
0.4389	-0.5086	-0.07436	0.007821	0.06204	0.03271	-0.002725	0.0587	-1.232	-0.1872	-0.3624	-0.1042	-0.2274	-0.1348	-0.448	-0.8888	-0.5932	-1.361	-1.6	-1.728	-1.71	-0.1034	-0.01412	-0.06537	0.07357	0.08737	-0.3113	0.0913	0.2908	0.07878	0.6574
-0.251	0.1095	0.005176	0.07021	-0.1401	0.02554	-0.2399	1.224	0.8994	-1.87	-2.276	-2.005	-1.705	-0.8431	-0.7089	-3.255	-3.827	-3.544	-3.557	-3.76	-3.889	-1.766	-1.958	-2.05	-1.752	-1.497	-1.504	-0.2659	-0.3833	0.001975	0.01484
1.125	0.4586	0.1892	0.343	1.543	1.217	1.486	0.6066	0.7767	0.6849	0.8737	0.6754	0.8794	0.3964	0.3944	0.377	0.7868	0.2877	0.175	0.4389	0.1644	0.5393	0.3846	0.551	0.4544	0.5051	0.3195	-0.3	-0.01107	-0.1206	0.01224
0.08524	-0.02316	0.04519	-0.006354	1.296	0.7011	0.7964	1.697	1.489	0.4846	0.1871	0.05556	0.02815	-0.0001052	-0.1621	0.9642	0.9105	1.213	1.363	1.103	1.331	0.744	0.1064	0.5715	0.5552	0.4874	0.4471	-0.02161	-0.001565	-0.1227	-0.1206
1.266	-0.5873	-0.9098	-1.184	0.8923	-0.7808	-0.8489	-0.01859	0.7623	-0.03475	0.1453	0.01982	-0.09697	-0.256	-0.3237	0.7741	0.7061	0.5458	1.036	0.924	0.781	0.00175	0.1999	-0.2136	0.04776	0.08857	-0.1113	0.4287	0.4805	0.9531	0.5742
0.003547	0.3171	-0.3669	-0.2349	0.1782	0.6011	0.002342	0.03189	1.218	1.456	1.786	1.384	1.151	0.9256	0.8866	1.345	2.034	1.501	1.346	1.174	1.318	0.007958	0.5949	0.1746	0.1912	-0.03211	0.0005777	-0.006235	0.01754	-0.1395	-0.9707
0.295	0.2516	-0.339	0.1757	2.753	1.806	2.513	1.934	1.017	1.202	2.206	1.417	1.276	0.852	1.371	5.331	6.681	7.054	6.644	7.047	6.811	0.3655	0.8974	1.196	1.005	0.5445	0.5015	0.7097	0.7298	0	0.8751
0.0334	0.5554	0.01212	0.02038	-0.01784	0	1.512	2.14	0.9408	0.799	1.204	0.926	0.7554	0.6239	0.6868	1.851	1.571	2.208	2.773	2.341	2.414	0.6993	1.145	0.7842	0.8269	0.7571	0.5294	-0.1491	0.2492	0.5161	0.455
-0.0007881	0.681	-0.2699	-0.0005543	0.2438	0.6479	0.3175	1.306	1.07	1.71	1.058	0.9638	0.9668	1.023	1.013	3.436	2.898	2.651	3.292	3.06	3.432	1.621	0.9151	0.7902	0.9188	0.8139	0.9735	-0.2297	-0.2299	0.01669	-0.003351
-0.2714	-0.6275	-0.3206	-0.8155	-0.2013	-0.06024	0.07266	-0.4989	1.242	1.291	1.385	0.9767	1.002	0.6331	0.6292	2.907	3.063	2.259	2.464	2.026	2.258	0.7864	0.4395	0.7817	0.1803	-0.07711	-0.0721	-0.003376	0.004138	-0.02701	-0.04781
0.415	-0.3316	-0.374	0.2435	0.05543	0.03145	1.788	1.781	1.23	0.8765	1.534	2.103	2.186	1.905	2.227	0.3574	1.565	3.005	3.986	4.141	4.467	0.4117	0.8382	1.358	1.728	1.077	0.9978	0.5663	0.5005	0.8203	0.8522
0.8507	-2.016	-1.052	-1.856	0.3888	-1.751	-1.192	-1.833	1.138	-0.1031	-0.2277	-0.1386	-0.1901	-0.2305	-0.147	0.1815	0.008293	-0.01395	-0.4241	-0.2916	-0.4991	-0.3566	-0.2418	-0.1578	-0.002557	-0.4674	-0.01481	-0.002618	0.2289	0.6682	0.279
-0.01191	-1.515	-1.194	-1.364	-0.1481	-1.575	-0.5773	0.001937	1.001	0.364	0.3131	0.2252	0.0648	0.5	0.6281	0.7746	0.6018	0.5164	0.4554	0.4743	0.7684	0.6731	0.4614	0.7052	0.4857	0.4545	0.2042	-0.001658	0.006904	0.003893	0.2115
-0.04484	-3.878	-1.788	-1.455	-0.0948	-2.717	-1.084	-1.073	0.7674	0.000661	0.06114	0.06915	0.05053	0.1795	0.04962	0.1184	0.1334	0.5919	0.02316	0.3634	0.7196	0.09794	-0.01023	0.02476	0.01276	0.09498	0.08291	0.01859	0.09874	0.3492	0.6472
-0.2104	-1.086	-1.002	-0.9583	-0.1739	-1.015	-0.5773	-0.8044	1.374	0.4348	0.4355	0.3913	0.4042	0.4524	0.5235	0.6199	0.4436	0.6339	0.9366	0.3725	0.666	0.4016	0.342	0.4029	0.4751	0.3308	0.0847	-0.02958	-0.7806	-1.328	-1.171
0.00578	-1.111	0.1651	-0.6166	0.5087	-1.045	0.3312	0.577	1.305	1.316	2.037	1.578	1.188	0.5173	-0.08874	0.6773	1.813	1.334	0	0	0	0.4766	0.2855	0.002235	0.335	0.2227	0.2426	0.4027	0.6929	0.9821	0.8173
-0.4584	0.08761	-0.1947	-0.3546	0.07836	0.8412	2.386	1.481	1.598	1.52	2.024	1.981	2.08	0.7134	-0.1234	-0.9304	-0.002034	0.06218	0.4821	0.751	0.4557	0.4148	0.9936	1.524	1.429	0.9903	0.4987	0.01361	0.005022	0.2449	0.199
-1.228	-0.7527	-3.021	-2.911	0.5298	1.783	1.618	1.7	1.64	0.4941	1.15	0.986	0.9569	1.048	0.6207	-5.478	0	-3.722	0	-3.219	-3.646	1.618	1.028	1.151	1.097	0.9339	0.3944	-2.099	-1.68	-2.17	-2.456
-0.08529	-0.4612	-0.712	-1.249	-0.3147	0.5864	1.153	0.9328	1.135	1.524	2.041	2.073	2.088	1.536	2.052	-0.2017	1.113	1.179	1.45	1.647	1.043	0.001711	0.7067	1.708	1.262	1.136	0.2624	0.006634	-0.09214	-0.128	-0.3683
-0.04007	-0.3949	-0.508	-0.5775	0.04526	0.6354	0.7762	1.335	0.8577	0.2756	0.8748	1.256	1.115	0.8177	1.026	-1.616	-0.468	-0.09625	-0.06603	-0.1233	-0.2724	-0.5467	0.1034	0.1276	0.1006	0.05856	-0.08614	-0.4	-0.8433	-1.349	-1.927
-0.06468	-1.381	-0.04766	-1.196	-0.3419	-1.559	-1.184	-1.419	0.8445	-0.05477	-0.07684	-0.1268	-0.04013	-0.1736	0.1574	-0.1567	-0.2591	-0.5516	-0.7659	-0.04075	-0.4615	0.6283	0.2388	0.5327	0.1839	0.4493	0.3297	-0.2325	0.004803	-0.3401	-0.002429
0.6132	-1.576	-0.6911	-1.18	0.3113	-1.379	-0.9872	-1.377	1.17	-0.75	-0.8319	-0.7916	-0.419	-0.4186	-0.4231	-1.164	-0.7992	-1.759	-1.591	-1.762	-1.673	-0.1461	0.09603	-0.005649	0.0143	-0.1435	0.1367	-1.256	-0.9493	-1.412	-0.7293
0.5994	-1.184	-0.5757	-1.188	0.2281	-1.26	-0.9662	-1.226	1.033	-0.833	-0.917	-0.9119	-0.5605	-0.72	-0.7171	-1.219	-0.8758	-2.309	-2.034	-1.98	-2.304	0.4082	0.3783	0.4075	0.2608	0.3523	0.2935	-1.523	-1.06	-1.721	-1.555
0.9016	0.2212	0.1983	-0.1656	2.256	1.464	0.826	1.254	1.193	2.348	1.86	1.366	1.254	1.022	0.5098	1.331	1.428	0.6072	0.5915	0.2313	0.2599	3.235	2.203	2.73	2.15	1.914	1.687	-0.3683	0.1062	-1.465	-1.566
0.1077	0.9224	0.2156	0.1204	0.6545	1.268	0.4206	1.062	0.8647	0.581	0.4727	0.3097	0.1472	0.2716	0.07815	1.18	1.35	0.9919	1.181	0.752	1.126	-0.6736	-0.5194	-0.7169	-0.7629	-0.8348	-0.789	-0.008183	0.0001734	-0.01094	0.02045
0.007052	0.5573	-0.1223	0.1161	0.4873	0.6266	0.2206	0.3809	-1.28	0.1137	0.5814	0.6052	0.1036	0.189	0.1001	0.565	0.3449	0.1085	0.8658	0.8606	0.6355	-1.925	-1.898	-1.396	-1.666	-1.361	-0.7376	2.613	1.335	0.1532	0.766
-0.003086	-0.8524	-0.2735	0.2772	-2.068	-1.305	-1.084	-0.4574	-2.162	0.1207	-0.3486	0.03389	-0.08388	-0.5201	-0.8312	0.434	-0.2465	0.4721	0.001029	0.4061	0.00241	-2.389	-2.613	-2.304	-2.263	-2.067	-2.157	0.4387	0.5704	0.6934	0.3936
-0.5076	-0.4884	-0.3785	-0.05733	-1.597	-1.24	-1.349	-0.9071	-1.366	0.4336	-0.218	0.4818	0.1821	-0.7982	-0.7138	0.1209	0.6448	-0.008524	-0.4816	0.004726	-0.1105	-2.676	-2.587	-2.173	-2.004	-2.217	-2.353	3.336	2.613	2.77	0.9395
-0.4628	-0.9194	-0.4899	0.007397	-1.842	-1.525	-1.246	-0.8201	-1.827	0.3003	-0.08988	0.08277	0.04602	-0.05044	-0.1911	0.3355	0.3188	0.5192	-0.04026	0.1459	0.4855	-2.299	-2.385	-2.216	-1.827	-2.016	-2.15	2.994	2.172	2.817	1.233
-0.6319	-1.14	-0.613	-0.1968	-1.925	-1.7	-1.583	-1.217	-1.829	0.2125	-0.08451	0.1734	0.07023	-0.3876	-0.5354	0.2229	0.08671	0.5164	-0.446	0.08989	0.1578	-2.55	-2.766	-2.401	-2.116	-2.487	-2.534	3.692	2.891	3.091	1.269
-0.1708	-0.7837	-1.115	-0.2157	-0.5363	-1.316	-1.453	-0.8705	-1.012	0.1096	-0.05714	0.2742	0.03202	-0.8975	-0.9099	0.6374	1.397	-0.255	-0.02667	-0.105	-0.005014	-0.03536	-0.4261	-0.224	-0.006004	-0.1499	-0.102	1.603	0.7154	1.423	0.9223
-0.01303	-0.007406	-0.3395	0.3527	-1.408	-0.4416	-0.792	-0.3855	-0.8409	-0.1092	-0.1562	0.01771	-0.04719	-0.5973	-0.6322	-0.4268	-0.3225	-0.809	-1.169	-0.5223	-0.7331	-1.041	-0.6387	-0.1919	-0.614	-0.8518	-1.011	-0.1841	-0.2259	-0.3315	-0.6016
-7.58E-05	-0.3556	-0.2695	0.1736	-1.698	-0.4709	-0.7145	-0.3894	-1.511	-0.3061	-0.616	-0.3471	-0.3629	-1.104	-1.267	-0.7542	-0.3205	-1.047	-1.877	-1.055	-1.491	-1.977	-1.534	-1.016	-1.251	-1.412	-1.794	0.6373	0.4007	0.6605	-0.445
